-- phpMyAdmin SQL Dump
-- version 5.2.1
-- https://www.phpmyadmin.net/
--
-- Host: localhost:3306
-- Generation Time: Aug 05, 2025 at 02:22 PM
-- Server version: 8.0.30
-- PHP Version: 8.1.10

SET SQL_MODE = "NO_AUTO_VALUE_ON_ZERO";
START TRANSACTION;
SET time_zone = "+00:00";


/*!40101 SET @OLD_CHARACTER_SET_CLIENT=@@CHARACTER_SET_CLIENT */;
/*!40101 SET @OLD_CHARACTER_SET_RESULTS=@@CHARACTER_SET_RESULTS */;
/*!40101 SET @OLD_COLLATION_CONNECTION=@@COLLATION_CONNECTION */;
/*!40101 SET NAMES utf8mb4 */;

--
-- Database: `capstone`
--

DELIMITER $$
--
-- Procedures
--
CREATE DEFINER=`root`@`localhost` PROCEDURE `InsertTestOrders` ()   BEGIN
    DECLARE i INT DEFAULT 1;
    DECLARE order_id_val VARCHAR(20);
    DECLARE random_product_id INT;
    DECLARE random_quantity INT;
    DECLARE random_price DECIMAL(10,2);
    DECLARE random_date DATE;
    DECLARE total_amount DECIMAL(10,2);
    DECLARE product_count INT;
    
    -- Get the count of products
    SELECT COUNT(*) INTO product_count FROM products;
    
    WHILE i <= 100 DO
        -- Generate order ID
        SET order_id_val = CONCAT('TO', LPAD(i, 5, '0'));
        
        -- Random date within last 60 days
        SET random_date = DATE_SUB(CURDATE(), INTERVAL FLOOR(RAND() * 60) DAY);
        
        -- Insert order
        INSERT INTO orders (order_id, user_id, status, total_amount, created_at, is_physical_order)
        VALUES (order_id_val, 1, 'paid', 0, random_date, 1);
        
        SET total_amount = 0;
        
        -- Add 1-5 random items to each order
        SET @item_count = FLOOR(RAND() * 5) + 1;
        SET @j = 1;
        
        WHILE @j <= @item_count DO
            -- Get random product
            SELECT products_id, price INTO random_product_id, random_price 
            FROM products 
            ORDER BY RAND() 
            LIMIT 1;
            
            -- Random quantity between 1-10
            SET random_quantity = FLOOR(RAND() * 10) + 1;
            
            -- Insert order item
            INSERT INTO order_items (order_id, product_id, quantity, price)
            VALUES (order_id_val, random_product_id, random_quantity, random_price);
            
            -- Add to total
            SET total_amount = total_amount + (random_quantity * random_price);
            
            SET @j = @j + 1;
        END WHILE;
        
        -- Update order total
        UPDATE orders SET total_amount = total_amount WHERE order_id = order_id_val;
        
        SET i = i + 1;
    END WHILE;
    
END$$

DELIMITER ;

-- --------------------------------------------------------

--
-- Table structure for table `available_discounts`
--

CREATE TABLE `available_discounts` (
  `id` int NOT NULL,
  `user_id` int NOT NULL,
  `amount` decimal(10,2) NOT NULL,
  `created_at` timestamp NULL DEFAULT CURRENT_TIMESTAMP,
  `expires_at` timestamp NULL DEFAULT ((now() + interval 30 day)),
  `used` tinyint(1) DEFAULT '0',
  `order_id` char(7) DEFAULT NULL
) ENGINE=InnoDB DEFAULT CHARSET=utf8mb4 COLLATE=utf8mb4_0900_ai_ci;

--
-- Dumping data for table `available_discounts`
--

INSERT INTO `available_discounts` (`id`, `user_id`, `amount`, `created_at`, `expires_at`, `used`, `order_id`) VALUES
(62, 58, 10.00, '2025-07-03 14:54:02', '2025-08-02 14:54:02', 1, '4757422'),
(63, 58, 5.00, '2025-07-03 15:17:58', '2025-08-02 15:17:58', 1, '3333057'),
(64, 58, 5.00, '2025-07-03 15:25:51', '2025-08-02 15:25:51', 1, '3687453');

-- --------------------------------------------------------

--
-- Table structure for table `cart`
--

CREATE TABLE `cart` (
  `id` int NOT NULL,
  `user_id` int NOT NULL,
  `product_id` int NOT NULL,
  `quantity` int NOT NULL DEFAULT '1',
  `created_at` timestamp NULL DEFAULT CURRENT_TIMESTAMP,
  `choice_id` int DEFAULT NULL
) ENGINE=InnoDB DEFAULT CHARSET=utf8mb4 COLLATE=utf8mb4_0900_ai_ci;

--
-- Dumping data for table `cart`
--

INSERT INTO `cart` (`id`, `user_id`, `product_id`, `quantity`, `created_at`, `choice_id`) VALUES
(2491818, 1000, 33, 1, '2025-07-04 06:21:34', NULL),
(2491819, 1000, 36, 6, '2025-07-04 06:21:34', NULL),
(2491821, 1000, 32, 1, '2025-07-04 06:21:52', NULL);

-- --------------------------------------------------------

--
-- Table structure for table `loyalty_tiers`
--

CREATE TABLE `loyalty_tiers` (
  `id` int NOT NULL,
  `name` varchar(50) NOT NULL,
  `min_spend` decimal(10,2) NOT NULL,
  `max_spend` decimal(10,2) DEFAULT NULL,
  `bonus_percentage` decimal(5,2) NOT NULL,
  `has_free_product` tinyint(1) DEFAULT '0',
  `created_at` timestamp NULL DEFAULT CURRENT_TIMESTAMP
) ENGINE=InnoDB DEFAULT CHARSET=utf8mb4 COLLATE=utf8mb4_0900_ai_ci;

--
-- Dumping data for table `loyalty_tiers`
--

INSERT INTO `loyalty_tiers` (`id`, `name`, `min_spend`, `max_spend`, `bonus_percentage`, `has_free_product`, `created_at`) VALUES
(1, 'Bronze', 10000.00, 15000.00, 5.00, 0, '2025-06-30 13:50:00'),
(2, 'Silver', 16000.00, 20000.00, 10.00, 0, '2025-06-30 13:50:00'),
(3, 'Gold', 21000.00, NULL, 15.00, 1, '2025-06-30 13:50:00');

-- --------------------------------------------------------

--
-- Table structure for table `orders`
--

CREATE TABLE `orders` (
  `order_id` char(7) NOT NULL,
  `user_id` int NOT NULL,
  `total_amount` decimal(10,2) NOT NULL,
  `status` varchar(50) DEFAULT 'pending',
  `payment_status` enum('pending','paid','failed','cancelled') DEFAULT 'pending',
  `payment_reference` varchar(255) DEFAULT NULL,
  `paid_at` timestamp NULL DEFAULT NULL,
  `created_at` timestamp NULL DEFAULT CURRENT_TIMESTAMP,
  `updated_at` timestamp NULL DEFAULT CURRENT_TIMESTAMP ON UPDATE CURRENT_TIMESTAMP,
  `cancel_reason` varchar(255) DEFAULT NULL,
  `accepted_by` int DEFAULT NULL,
  `accepted_at` datetime DEFAULT NULL,
  `cash_amount` decimal(10,2) DEFAULT NULL,
  `change_amount` decimal(10,2) DEFAULT NULL,
  `customer_name` varchar(255) DEFAULT NULL,
  `is_physical_order` tinyint(1) DEFAULT '0',
  `packaging_preference` enum('eco','plastic') DEFAULT 'eco',
  `payment_intent_id` varchar(255) DEFAULT NULL,
  `payment_method` varchar(50) DEFAULT 'cash'
) ENGINE=InnoDB DEFAULT CHARSET=utf8mb4 COLLATE=utf8mb4_0900_ai_ci;

--
-- Dumping data for table `orders`
--

INSERT INTO `orders` (`order_id`, `user_id`, `total_amount`, `status`, `payment_status`, `payment_reference`, `paid_at`, `created_at`, `updated_at`, `cancel_reason`, `accepted_by`, `accepted_at`, `cash_amount`, `change_amount`, `customer_name`, `is_physical_order`, `packaging_preference`, `payment_intent_id`, `payment_method`) VALUES
('0200807', 58, 649.00, 'cancelled', 'pending', NULL, NULL, '2025-07-03 16:39:55', '2025-07-03 16:46:51', 'Changed my mind', NULL, NULL, NULL, NULL, NULL, 0, 'eco', NULL, 'cash'),
('0469640', 58, 756.00, 'paid using gcash', 'pending', NULL, NULL, '2025-07-04 01:42:58', '2025-07-04 01:43:06', NULL, NULL, NULL, NULL, NULL, NULL, 0, 'eco', 'pi_jDJrvUjyPG8w6Y58xNENbcmm', 'gcash'),
('0808688', 58, 141.00, 'paid', 'pending', NULL, NULL, '2025-07-03 16:25:32', '2025-07-03 16:25:47', NULL, 23, '2025-07-04 00:25:36', 200.00, 59.00, NULL, 0, 'eco', NULL, 'cash'),
('0841191', 58, 649.00, 'cancelled', 'pending', NULL, NULL, '2025-07-03 16:31:32', '2025-07-03 16:46:57', 'Found better price elsewhere', NULL, NULL, NULL, NULL, NULL, 0, 'eco', NULL, 'cash'),
('0997085', 58, 185.00, 'cancelled', 'pending', NULL, NULL, '2025-08-05 13:14:00', '2025-08-05 14:10:01', 'Changed my mind', NULL, NULL, NULL, NULL, NULL, 0, 'eco', NULL, 'cash'),
('1248147', 58, 141.00, 'cancelled', 'pending', NULL, NULL, '2025-07-03 16:39:11', '2025-07-03 16:47:01', 'Ordered by mistake', NULL, NULL, NULL, NULL, NULL, 0, 'eco', NULL, 'cash'),
('1356971', 58, 141.00, 'pending_payment', 'pending', NULL, NULL, '2025-07-04 01:34:42', '2025-07-04 01:34:43', NULL, NULL, NULL, NULL, NULL, NULL, 0, 'eco', 'pi_cTZP5eDeHKnTg1evFwiaemrn', 'cash'),
('1381537', 58, 141.00, 'pending_payment', 'pending', NULL, NULL, '2025-07-04 01:43:51', '2025-07-04 01:43:52', NULL, NULL, NULL, NULL, NULL, NULL, 0, 'eco', 'pi_mh68APjoKZN9LdJUR9H2xd4n', 'cash'),
('1427702', 58, 234.00, 'pending_payment', 'pending', NULL, NULL, '2025-07-04 00:23:36', '2025-07-04 00:23:37', NULL, NULL, NULL, NULL, NULL, NULL, 0, 'eco', 'pi_XtxoyStjM7mYMokwns1fjgd1', 'cash'),
('1590932', 58, 189.00, 'cancelled', 'pending', NULL, NULL, '2025-08-05 14:08:18', '2025-08-05 14:09:56', 'Changed my mind', NULL, NULL, NULL, NULL, NULL, 0, 'eco', NULL, 'cash'),
('1653080', 58, 102.50, 'preparing', 'pending', NULL, NULL, '2025-07-03 17:40:08', '2025-07-03 17:40:26', NULL, 23, '2025-07-04 01:40:26', NULL, NULL, NULL, 0, 'plastic', NULL, 'cash'),
('2015882', 58, 141.00, 'cancelled', 'pending', NULL, NULL, '2025-07-03 16:45:51', '2025-07-03 16:46:48', 'Changed my mind', NULL, NULL, NULL, NULL, NULL, 0, 'plastic', NULL, 'cash'),
('2056774', 58, 200.00, 'cancelled', 'pending', NULL, NULL, '2025-07-03 16:38:42', '2025-07-03 16:46:55', 'zcx', NULL, NULL, NULL, NULL, NULL, 0, 'eco', NULL, 'cash'),
('3409484', 1000, 141.00, 'preparing', 'pending', NULL, NULL, '2025-07-03 17:42:12', '2025-07-03 17:42:15', NULL, 23, '2025-07-04 01:42:15', NULL, NULL, NULL, 0, 'eco', NULL, 'cash'),
('3900233', 58, 649.00, 'paid using gcash', 'pending', NULL, NULL, '2025-07-03 23:12:00', '2025-07-03 23:12:00', NULL, NULL, NULL, NULL, NULL, NULL, 0, 'eco', NULL, 'cash'),
('4377608', 58, 141.00, 'paid using gcash', 'pending', NULL, NULL, '2025-07-04 01:44:19', '2025-07-04 01:44:25', NULL, NULL, NULL, NULL, NULL, NULL, 0, 'eco', 'pi_wd8byVz2BF9eLfkQtxSW6nYd', 'gcash'),
('4730937', 58, 967.75, 'paid using gcash', 'pending', NULL, NULL, '2025-07-04 06:19:17', '2025-07-04 06:19:35', NULL, NULL, NULL, NULL, NULL, NULL, 0, 'eco', NULL, 'cash'),
('4913745', 58, 649.00, 'paid using gcash', 'pending', NULL, NULL, '2025-07-03 23:11:33', '2025-07-03 23:11:33', NULL, NULL, NULL, NULL, NULL, NULL, 0, 'eco', NULL, 'cash'),
('5110833', 58, 649.00, 'cancelled', 'pending', NULL, NULL, '2025-07-04 06:18:37', '2025-07-04 06:18:46', 'Changed my mind', NULL, NULL, NULL, NULL, NULL, 0, 'eco', NULL, 'cash'),
('5269886', 58, 1863.00, 'cancelled', 'pending', NULL, NULL, '2025-08-05 12:16:55', '2025-08-05 12:17:04', 'Customer cancelled', NULL, NULL, NULL, NULL, NULL, 0, 'eco', NULL, 'cash'),
('5369343', 58, 705.00, 'paid', 'pending', NULL, NULL, '2025-07-03 16:30:59', '2025-07-03 16:32:37', NULL, 23, '2025-07-04 00:32:24', 10000.00, 9295.00, NULL, 0, 'eco', NULL, 'cash'),
('5608042', 58, 20.00, 'cancelled', 'pending', NULL, NULL, '2025-07-03 16:31:48', '2025-07-03 16:46:59', 'Changed my mind', NULL, NULL, NULL, NULL, NULL, 0, 'eco', NULL, 'cash'),
('5880621', 58, 189.00, 'cancelled', 'pending', NULL, NULL, '2025-07-03 20:15:49', '2025-07-03 20:16:57', 'Ordered by mistake', NULL, NULL, NULL, NULL, NULL, 0, 'eco', NULL, 'cash'),
('5894232', 58, 945.00, 'paid using gcash', 'pending', NULL, NULL, '2025-07-04 03:27:15', '2025-07-04 03:27:41', NULL, NULL, NULL, NULL, NULL, NULL, 0, 'eco', NULL, 'cash'),
('6066228', 58, 1049.75, 'paid using gcash', 'pending', NULL, NULL, '2025-07-04 06:13:37', '2025-07-04 06:14:04', NULL, NULL, NULL, NULL, NULL, NULL, 0, 'eco', NULL, 'cash'),
('6246765', 58, 649.00, 'pending', 'pending', NULL, NULL, '2025-08-05 14:10:21', '2025-08-05 14:10:21', NULL, NULL, NULL, NULL, NULL, NULL, 0, 'eco', NULL, 'cash'),
('6451638', 58, 301.00, 'cancelled', 'pending', NULL, NULL, '2025-08-05 14:09:50', '2025-08-05 14:09:53', 'Ordered by mistake', NULL, NULL, NULL, NULL, NULL, 0, 'eco', NULL, 'cash'),
('6737677', 58, 234.00, 'paid using gcash', 'pending', NULL, NULL, '2025-07-04 00:19:03', '2025-07-04 00:19:11', NULL, NULL, NULL, NULL, NULL, NULL, 0, 'eco', 'pi_WU7SigpAf5mQqc1fWFoobm8X', 'gcash'),
('6780108', 58, 189.00, 'paid using gcash', 'pending', NULL, NULL, '2025-07-04 03:28:23', '2025-07-04 03:28:48', NULL, NULL, NULL, NULL, NULL, NULL, 0, 'eco', NULL, 'cash'),
('6843187', 58, 301.00, 'cancelled', 'pending', NULL, NULL, '2025-08-05 12:37:40', '2025-08-05 14:10:08', 'Changed my mind', NULL, NULL, NULL, NULL, NULL, 0, 'eco', NULL, 'cash'),
('7044195', 58, 140.00, 'cancelled', 'pending', NULL, NULL, '2025-08-05 12:32:33', '2025-08-05 14:10:06', 'Changed my mind', NULL, NULL, NULL, NULL, NULL, 0, 'eco', NULL, 'cash'),
('7214359', 58, 3245.00, 'paid', 'pending', NULL, NULL, '2025-07-03 16:21:31', '2025-07-03 16:21:47', NULL, 23, '2025-07-04 00:21:36', 4000.00, 755.00, NULL, 0, 'eco', NULL, 'cash'),
('7319254', 58, 50.00, 'paid', 'pending', NULL, NULL, '2025-07-03 16:58:53', '2025-07-03 16:59:38', NULL, 23, '2025-07-04 00:59:22', 50.00, 0.00, NULL, 0, 'plastic', NULL, 'cash'),
('7544602', 58, 649.00, 'paid using gcash', 'pending', NULL, NULL, '2025-07-04 02:17:29', '2025-07-04 02:17:33', NULL, NULL, NULL, NULL, NULL, NULL, 0, 'eco', NULL, 'cash'),
('7575261', 58, 141.00, 'paid using gcash', 'pending', NULL, NULL, '2025-07-04 01:35:50', '2025-07-04 01:35:58', NULL, NULL, NULL, NULL, NULL, NULL, 0, 'eco', 'pi_KpjtN4xT5dGof5DW5qae4HNk', 'gcash'),
('8078269', 58, 1723.00, 'paid', 'pending', NULL, NULL, '2025-07-04 06:22:08', '2025-07-04 06:22:58', NULL, 23, '2025-07-04 14:22:32', 2000.00, 277.00, NULL, 0, 'eco', NULL, 'cash'),
('8082829', 58, 649.00, 'cancelled', 'pending', NULL, NULL, '2025-08-05 12:34:44', '2025-08-05 14:10:03', 'Changed my mind', NULL, NULL, NULL, NULL, NULL, 0, 'eco', NULL, 'cash'),
('8478359', 58, 234.00, 'paid using gcash', 'pending', NULL, NULL, '2025-07-04 00:23:18', '2025-07-04 00:23:23', NULL, NULL, NULL, NULL, NULL, NULL, 0, 'eco', 'pi_z6N7XjKAXBQaa7n489CTFWgn', 'gcash'),
('8560895', 58, 141.00, 'preparing', 'pending', NULL, NULL, '2025-07-03 17:34:34', '2025-07-03 17:34:39', NULL, 23, '2025-07-04 01:34:39', NULL, NULL, NULL, 0, 'eco', NULL, 'cash'),
('8645745', 58, 234.00, 'preparing', 'pending', NULL, NULL, '2025-07-03 17:35:11', '2025-07-03 17:35:14', NULL, 23, '2025-07-04 01:35:14', NULL, NULL, NULL, 0, 'eco', NULL, 'cash'),
('8832478', 58, 1204.00, 'cancelled', 'pending', NULL, NULL, '2025-08-05 12:43:49', '2025-08-05 14:10:11', 'Ordered by mistake', NULL, NULL, NULL, NULL, NULL, 0, 'eco', NULL, 'cash'),
('9087688', 58, 649.00, 'cancelled', 'pending', NULL, NULL, '2025-08-05 14:05:57', '2025-08-05 14:09:59', 'Ordered by mistake', NULL, NULL, NULL, NULL, NULL, 0, 'eco', NULL, 'cash'),
('9124499', 58, 50.00, 'paid', 'pending', NULL, NULL, '2025-07-03 16:58:43', '2025-07-03 16:59:49', NULL, 23, '2025-07-04 00:59:23', 50.00, 0.00, NULL, 0, 'eco', NULL, 'cash'),
('9390775', 58, 567.00, 'cancelled', 'pending', NULL, NULL, '2025-08-05 13:20:14', '2025-08-05 14:10:12', 'Ordered by mistake', NULL, NULL, NULL, NULL, NULL, 0, 'eco', NULL, 'cash'),
('9417679', 58, 234.00, 'preparing', 'pending', NULL, NULL, '2025-07-03 17:26:38', '2025-07-03 17:26:45', NULL, 23, '2025-07-04 01:26:45', NULL, NULL, NULL, 0, 'plastic', NULL, 'cash'),
('9484826', 58, 189.00, 'paid using gcash', 'pending', NULL, NULL, '2025-07-04 06:09:54', '2025-07-04 06:10:27', NULL, NULL, NULL, NULL, NULL, NULL, 0, 'eco', NULL, 'cash'),
('9569324', 58, 3245.00, 'paid', 'pending', NULL, NULL, '2025-07-03 16:47:19', '2025-07-03 16:47:35', NULL, 23, '2025-07-04 00:47:25', 4000.00, 755.00, NULL, 0, 'plastic', NULL, 'cash'),
('9701448', 58, 649.00, 'pending_payment', 'pending', NULL, NULL, '2025-07-04 00:17:56', '2025-07-04 00:17:56', NULL, NULL, NULL, NULL, NULL, NULL, 0, 'eco', 'pi_eracCc9Hj6pAJHBUYNVLkf8t', 'cash'),
('FC0001', 58, 15612.74, 'preparing', 'paid', NULL, NULL, '2025-05-08 06:41:00', '2025-07-04 05:51:33', NULL, 23, '2025-05-08 14:44:00', NULL, NULL, NULL, 1, 'eco', NULL, 'gcash'),
('FC0002', 1000, 17683.74, 'paid', 'paid', NULL, NULL, '2025-06-19 04:47:00', '2025-07-04 05:51:33', NULL, NULL, NULL, NULL, NULL, NULL, 1, 'plastic', NULL, 'cash'),
('FC0003', 58, 37952.01, 'paid', 'paid', NULL, NULL, '2025-03-16 07:39:00', '2025-07-04 05:51:33', NULL, NULL, NULL, NULL, NULL, NULL, 1, 'eco', NULL, 'cash'),
('FC0004', 58, 12871.10, 'paid', 'paid', NULL, NULL, '2025-03-22 02:01:00', '2025-07-04 05:51:33', NULL, NULL, NULL, NULL, NULL, NULL, 1, 'eco', NULL, 'cash'),
('FC0005', 58, 14064.81, 'paid', 'paid', NULL, NULL, '2025-03-17 04:32:00', '2025-07-04 05:51:33', NULL, NULL, NULL, NULL, NULL, NULL, 1, 'eco', NULL, 'cash'),
('FC0006', 1000, 27141.72, 'paid', 'paid', NULL, NULL, '2025-03-17 05:03:00', '2025-07-04 05:51:33', NULL, NULL, NULL, NULL, NULL, NULL, 1, 'eco', NULL, 'gcash'),
('FC0007', 58, 25458.84, 'paid', 'paid', NULL, NULL, '2025-04-17 04:05:00', '2025-07-04 05:51:33', NULL, NULL, NULL, NULL, NULL, NULL, 1, 'plastic', NULL, 'gcash'),
('FC0008', 58, 15177.80, 'paid', 'paid', NULL, NULL, '2025-03-27 02:18:00', '2025-07-04 05:51:33', NULL, NULL, NULL, NULL, NULL, NULL, 1, 'eco', NULL, 'cash'),
('FC0009', 1000, 38817.90, 'paid', 'paid', NULL, NULL, '2025-03-22 06:02:00', '2025-07-04 05:51:33', NULL, NULL, NULL, NULL, NULL, NULL, 1, 'eco', NULL, 'cash'),
('FC0010', 58, 17605.12, 'paid', 'paid', NULL, NULL, '2025-05-27 07:23:00', '2025-07-04 05:51:33', NULL, NULL, NULL, NULL, NULL, NULL, 1, 'eco', NULL, 'cash'),
('FC0011', 58, 17581.00, 'paid', 'paid', NULL, NULL, '2025-07-02 01:43:00', '2025-07-04 05:51:33', NULL, NULL, NULL, NULL, NULL, NULL, 1, 'eco', NULL, 'cash'),
('FC0012', 58, 28507.02, 'paid', 'paid', NULL, NULL, '2025-03-21 03:29:00', '2025-07-04 05:51:33', NULL, NULL, NULL, NULL, NULL, NULL, 1, 'plastic', NULL, 'cash'),
('FC0013', 58, 11798.80, 'paid', 'paid', NULL, NULL, '2025-05-26 10:56:00', '2025-07-04 05:51:33', NULL, NULL, NULL, NULL, NULL, NULL, 1, 'eco', NULL, 'cash'),
('FC0014', 58, 13912.56, 'paid', 'paid', NULL, NULL, '2025-04-16 08:12:00', '2025-07-04 05:51:33', NULL, NULL, NULL, NULL, NULL, NULL, 1, 'eco', NULL, 'gcash'),
('FC0015', 1000, 16205.00, 'paid', 'paid', NULL, NULL, '2025-07-01 01:48:00', '2025-07-04 05:51:33', NULL, NULL, NULL, NULL, NULL, NULL, 1, 'plastic', NULL, 'card'),
('FC0016', 58, 34647.54, 'paid', 'paid', NULL, NULL, '2025-03-15 01:27:00', '2025-07-04 05:51:33', NULL, NULL, NULL, NULL, NULL, NULL, 1, 'plastic', NULL, 'gcash'),
('FC0017', 58, 22724.58, 'paid', 'paid', NULL, NULL, '2025-06-16 08:36:00', '2025-07-04 05:51:33', NULL, NULL, NULL, NULL, NULL, NULL, 1, 'eco', NULL, 'cash'),
('FC0018', 1000, 18007.00, 'preparing', 'paid', NULL, NULL, '2025-03-31 06:30:00', '2025-07-04 05:51:33', NULL, 23, '2025-03-31 14:37:00', NULL, NULL, NULL, 1, 'eco', NULL, 'gcash'),
('FC0019', 58, 18897.27, 'paid', 'paid', NULL, NULL, '2025-04-27 12:33:00', '2025-07-04 05:51:33', NULL, NULL, NULL, NULL, NULL, NULL, 1, 'plastic', NULL, 'gcash'),
('FC0020', 58, 9883.65, 'paid', 'paid', NULL, NULL, '2025-05-19 00:08:00', '2025-07-04 05:51:33', NULL, NULL, NULL, NULL, NULL, NULL, 1, 'eco', NULL, 'cash'),
('FC0021', 1000, 21193.28, 'paid', 'paid', NULL, NULL, '2025-06-09 02:38:00', '2025-07-04 05:51:33', NULL, NULL, NULL, NULL, NULL, NULL, 1, 'plastic', NULL, 'cash'),
('FC0022', 58, 19412.79, 'paid', 'paid', NULL, NULL, '2025-03-13 04:54:00', '2025-07-04 05:51:33', NULL, NULL, NULL, NULL, NULL, NULL, 1, 'eco', NULL, 'gcash'),
('FC0023', 58, 19052.04, 'paid', 'paid', NULL, NULL, '2025-03-14 10:25:00', '2025-07-04 05:51:33', NULL, NULL, NULL, NULL, NULL, NULL, 1, 'eco', NULL, 'cash'),
('FC0024', 58, 21194.34, 'paid', 'paid', NULL, NULL, '2025-03-15 07:29:00', '2025-07-04 05:51:33', NULL, NULL, NULL, NULL, NULL, NULL, 1, 'plastic', NULL, 'gcash'),
('FC0025', 58, 11946.40, 'cancelled', 'paid', NULL, NULL, '2025-04-01 06:28:00', '2025-07-04 05:51:33', 'Changed my mind', NULL, NULL, NULL, NULL, NULL, 1, 'plastic', NULL, 'cash'),
('FC0026', 1000, 27186.50, 'preparing', 'paid', NULL, NULL, '2025-03-30 10:25:00', '2025-07-04 05:51:34', NULL, 23, '2025-03-30 19:20:00', NULL, NULL, NULL, 1, 'eco', NULL, 'gcash'),
('FC0027', 1000, 13384.62, 'paid', 'paid', NULL, NULL, '2025-05-08 04:47:00', '2025-07-04 05:51:34', NULL, NULL, NULL, NULL, NULL, NULL, 1, 'eco', NULL, 'cash'),
('FC0028', 1000, 20836.56, 'paid', 'paid', NULL, NULL, '2025-06-18 06:59:00', '2025-07-04 05:51:34', NULL, NULL, NULL, NULL, NULL, NULL, 1, 'eco', NULL, 'cash'),
('FC0029', 58, 20528.55, 'paid', 'paid', NULL, NULL, '2025-05-17 01:53:00', '2025-07-04 05:51:34', NULL, NULL, NULL, NULL, NULL, NULL, 1, 'eco', NULL, 'cash'),
('FC0030', 1000, 18791.05, 'paid', 'paid', NULL, NULL, '2025-06-23 03:47:00', '2025-07-04 05:51:34', NULL, NULL, NULL, NULL, NULL, NULL, 1, 'plastic', NULL, 'cash'),
('FC0031', 58, 24591.18, 'cancelled', 'paid', NULL, NULL, '2025-06-16 09:14:00', '2025-07-04 05:51:34', 'Changed my mind', NULL, NULL, NULL, NULL, NULL, 1, 'eco', NULL, 'gcash'),
('FC0032', 58, 26064.08, 'paid', 'paid', NULL, NULL, '2025-04-07 10:46:00', '2025-07-04 05:51:34', NULL, NULL, NULL, NULL, NULL, NULL, 1, 'eco', NULL, 'cash'),
('FC0033', 1000, 13356.86, 'cancelled', 'paid', NULL, NULL, '2025-04-01 04:27:00', '2025-07-04 05:51:34', 'Changed my mind', NULL, NULL, NULL, NULL, NULL, 1, 'plastic', NULL, 'cash'),
('FC0034', 58, 31175.01, 'paid', 'paid', NULL, NULL, '2025-06-07 06:06:00', '2025-07-04 05:51:34', NULL, NULL, NULL, NULL, NULL, NULL, 1, 'eco', NULL, 'gcash'),
('FC0035', 58, 33635.68, 'paid', 'paid', NULL, NULL, '2025-05-31 04:09:00', '2025-07-04 05:51:34', NULL, NULL, NULL, NULL, NULL, NULL, 1, 'eco', NULL, 'cash'),
('FC0036', 58, 27558.92, 'preparing', 'paid', NULL, NULL, '2025-04-27 01:40:00', '2025-07-04 05:51:34', NULL, 23, '2025-04-27 09:45:00', NULL, NULL, NULL, 1, 'eco', NULL, 'cash'),
('FC0037', 1, 33223.05, 'paid', 'paid', NULL, NULL, '2025-05-11 05:38:00', '2025-07-04 05:51:34', NULL, NULL, NULL, NULL, NULL, NULL, 1, 'plastic', NULL, 'cash'),
('FC0038', 1000, 24949.08, 'paid', 'paid', NULL, NULL, '2025-04-15 04:09:00', '2025-07-04 05:51:34', NULL, NULL, NULL, NULL, NULL, NULL, 1, 'plastic', NULL, 'cash'),
('FC0039', 1000, 18750.12, 'paid', 'paid', NULL, NULL, '2025-03-21 04:10:00', '2025-07-04 05:51:34', NULL, NULL, NULL, NULL, NULL, NULL, 1, 'plastic', NULL, 'gcash'),
('FC0040', 58, 22888.37, 'preparing', 'paid', NULL, NULL, '2025-04-30 04:42:00', '2025-07-04 05:51:34', NULL, 23, '2025-04-30 13:01:00', NULL, NULL, NULL, 1, 'eco', NULL, 'cash'),
('FC0041', 58, 19335.97, 'preparing', 'paid', NULL, NULL, '2025-04-30 04:47:00', '2025-07-04 05:51:34', NULL, 23, '2025-04-30 13:42:00', NULL, NULL, NULL, 1, 'eco', NULL, 'card'),
('FC0042', 58, 8169.42, 'paid', 'paid', NULL, NULL, '2025-05-06 07:45:00', '2025-07-04 05:51:34', NULL, NULL, NULL, NULL, NULL, NULL, 1, 'eco', NULL, 'cash'),
('FC0043', 58, 21378.68, 'paid', 'paid', NULL, NULL, '2025-06-07 08:34:00', '2025-07-04 05:51:34', NULL, NULL, NULL, NULL, NULL, NULL, 1, 'plastic', NULL, 'card'),
('FC0044', 58, 16777.98, 'paid', 'paid', NULL, NULL, '2025-06-17 08:40:00', '2025-07-04 05:51:34', NULL, NULL, NULL, NULL, NULL, NULL, 1, 'eco', NULL, 'cash'),
('FC0045', 58, 30877.72, 'preparing', 'paid', NULL, NULL, '2025-06-22 05:25:00', '2025-07-04 05:51:34', NULL, 23, '2025-06-22 13:38:00', NULL, NULL, NULL, 1, 'eco', NULL, 'cash'),
('FC0046', 58, 19378.70, 'paid', 'paid', NULL, NULL, '2025-03-22 09:20:00', '2025-07-04 05:51:34', NULL, NULL, NULL, NULL, NULL, NULL, 1, 'eco', NULL, 'gcash'),
('FC0047', 1000, 14301.10, 'paid', 'paid', NULL, NULL, '2025-03-24 05:10:00', '2025-07-04 05:51:34', NULL, NULL, NULL, NULL, NULL, NULL, 1, 'plastic', NULL, 'cash'),
('FC0048', 58, 22081.28, 'paid', 'paid', NULL, NULL, '2025-05-29 04:33:00', '2025-07-04 05:51:34', NULL, NULL, NULL, NULL, NULL, NULL, 1, 'eco', NULL, 'card'),
('FC0049', 58, 13614.96, 'paid', 'paid', NULL, NULL, '2025-06-18 07:27:00', '2025-07-04 05:51:34', NULL, NULL, NULL, NULL, NULL, NULL, 1, 'plastic', NULL, 'cash'),
('FC0050', 58, 18555.07, 'paid', 'paid', NULL, NULL, '2025-04-03 07:40:00', '2025-07-04 05:51:34', NULL, NULL, NULL, NULL, NULL, NULL, 1, 'eco', NULL, 'cash'),
('FC0051', 1000, 16108.56, 'paid', 'paid', NULL, NULL, '2025-05-21 04:09:00', '2025-07-04 05:51:34', NULL, NULL, NULL, NULL, NULL, NULL, 1, 'eco', NULL, 'cash'),
('FC0052', 58, 12259.23, 'paid', 'paid', NULL, NULL, '2025-04-10 07:01:00', '2025-07-04 05:51:34', NULL, NULL, NULL, NULL, NULL, NULL, 1, 'plastic', NULL, 'cash'),
('FC0053', 58, 25460.14, 'paid', 'paid', NULL, NULL, '2025-05-10 05:12:00', '2025-07-04 05:51:34', NULL, NULL, NULL, NULL, NULL, NULL, 1, 'plastic', NULL, 'cash'),
('FC0054', 58, 19965.68, 'paid', 'paid', NULL, NULL, '2025-06-24 04:11:00', '2025-07-04 05:51:34', NULL, NULL, NULL, NULL, NULL, NULL, 1, 'plastic', NULL, 'cash'),
('FC0055', 1000, 20430.00, 'paid', 'paid', NULL, NULL, '2025-07-03 00:04:00', '2025-07-04 05:51:34', NULL, NULL, NULL, NULL, NULL, NULL, 1, 'eco', NULL, 'gcash'),
('FC0056', 58, 22656.44, 'paid', 'paid', NULL, NULL, '2025-05-08 03:16:00', '2025-07-04 05:51:34', NULL, NULL, NULL, NULL, NULL, NULL, 1, 'eco', NULL, 'cash'),
('FC0057', 58, 24426.15, 'paid', 'paid', NULL, NULL, '2025-05-18 00:32:00', '2025-07-04 05:51:35', NULL, NULL, NULL, NULL, NULL, NULL, 1, 'eco', NULL, 'cash'),
('FC0058', 1000, 24918.88, 'paid', 'paid', NULL, NULL, '2025-03-11 01:35:00', '2025-07-04 05:51:35', NULL, NULL, NULL, NULL, NULL, NULL, 1, 'eco', NULL, 'cash'),
('FC0059', 58, 19989.99, 'paid', 'paid', NULL, NULL, '2025-03-16 06:27:00', '2025-07-04 05:51:35', NULL, NULL, NULL, NULL, NULL, NULL, 1, 'eco', NULL, 'gcash'),
('FC0060', 1, 29387.60, 'paid', 'paid', NULL, NULL, '2025-03-22 07:58:00', '2025-07-04 05:51:35', NULL, NULL, NULL, NULL, NULL, NULL, 1, 'eco', NULL, 'cash'),
('FC0061', 58, 22549.00, 'paid', 'paid', NULL, NULL, '2025-07-01 08:58:00', '2025-07-04 05:51:35', NULL, NULL, NULL, NULL, NULL, NULL, 1, 'eco', NULL, 'cash'),
('FC0062', 58, 19905.90, 'paid', 'paid', NULL, NULL, '2025-05-17 04:10:00', '2025-07-04 05:51:35', NULL, NULL, NULL, NULL, NULL, NULL, 1, 'eco', NULL, 'gcash'),
('FC0063', 1000, 24155.49, 'paid', 'paid', NULL, NULL, '2025-04-02 02:04:00', '2025-07-04 05:51:35', NULL, NULL, NULL, NULL, NULL, NULL, 1, 'eco', NULL, 'gcash'),
('FC0064', 1000, 35317.09, 'paid', 'paid', NULL, NULL, '2025-04-05 00:22:00', '2025-07-04 05:51:35', NULL, NULL, NULL, NULL, NULL, NULL, 1, 'plastic', NULL, 'gcash'),
('FC0065', 1000, 13498.04, 'paid', 'paid', NULL, NULL, '2025-05-06 08:06:00', '2025-07-04 05:51:35', NULL, NULL, NULL, NULL, NULL, NULL, 1, 'plastic', NULL, 'cash'),
('FC0066', 58, 13410.10, 'paid', 'paid', NULL, NULL, '2025-03-25 01:02:00', '2025-07-04 05:51:35', NULL, NULL, NULL, NULL, NULL, NULL, 1, 'plastic', NULL, 'gcash'),
('FC0067', 58, 25938.48, 'paid', 'paid', NULL, NULL, '2025-03-14 00:59:00', '2025-07-04 05:51:35', NULL, NULL, NULL, NULL, NULL, NULL, 1, 'eco', NULL, 'cash'),
('FC0068', 1000, 23785.34, 'paid', 'paid', NULL, NULL, '2025-05-04 05:09:00', '2025-07-04 05:51:35', NULL, NULL, NULL, NULL, NULL, NULL, 1, 'eco', NULL, 'cash'),
('FC0069', 58, 20426.70, 'paid', 'paid', NULL, NULL, '2025-05-14 09:28:00', '2025-07-04 05:51:35', NULL, NULL, NULL, NULL, NULL, NULL, 1, 'eco', NULL, 'cash'),
('FC0070', 1000, 32884.50, 'paid', 'paid', NULL, NULL, '2025-03-29 07:36:00', '2025-07-04 05:51:35', NULL, NULL, NULL, NULL, NULL, NULL, 1, 'eco', NULL, 'gcash'),
('FC0071', 58, 19039.58, 'paid', 'paid', NULL, NULL, '2025-04-24 01:08:00', '2025-07-04 05:51:35', NULL, NULL, NULL, NULL, NULL, NULL, 1, 'eco', NULL, 'cash'),
('FC0072', 1000, 21207.20, 'cancelled', 'paid', NULL, NULL, '2025-03-08 08:24:00', '2025-07-04 05:51:35', 'Found better price elsewhere', NULL, NULL, NULL, NULL, NULL, 1, 'eco', NULL, 'cash'),
('FC0073', 1000, 18292.80, 'paid', 'paid', NULL, NULL, '2025-06-04 09:25:00', '2025-07-04 05:51:35', NULL, NULL, NULL, NULL, NULL, NULL, 1, 'eco', NULL, 'cash'),
('FC0074', 1000, 35889.48, 'paid', 'paid', NULL, NULL, '2025-05-10 10:02:00', '2025-07-04 05:51:35', NULL, NULL, NULL, NULL, NULL, NULL, 1, 'eco', NULL, 'cash'),
('FC0075', 58, 16043.71, 'cancelled', 'paid', NULL, NULL, '2025-04-01 00:19:00', '2025-07-04 05:51:35', 'Changed my mind', NULL, NULL, NULL, NULL, NULL, 1, 'plastic', NULL, 'gcash'),
('FC0076', 58, 40265.79, 'paid', 'paid', NULL, NULL, '2025-05-31 06:18:00', '2025-07-04 05:51:35', NULL, NULL, NULL, NULL, NULL, NULL, 1, 'plastic', NULL, 'gcash'),
('FC0077', 1000, 12058.56, 'paid', 'paid', NULL, NULL, '2025-05-04 03:08:00', '2025-07-04 05:51:35', NULL, NULL, NULL, NULL, NULL, NULL, 1, 'eco', NULL, 'gcash'),
('FC0078', 58, 19238.34, 'paid', 'paid', NULL, NULL, '2025-06-01 02:32:00', '2025-07-04 05:51:35', NULL, NULL, NULL, NULL, NULL, NULL, 1, 'eco', NULL, 'cash'),
('FC0079', 58, 20685.50, 'paid', 'paid', NULL, NULL, '2025-03-25 01:36:00', '2025-07-04 05:51:35', NULL, NULL, NULL, NULL, NULL, NULL, 1, 'eco', NULL, 'cash'),
('FC0080', 58, 17973.86, 'paid', 'paid', NULL, NULL, '2025-04-22 12:15:00', '2025-07-04 05:51:35', NULL, NULL, NULL, NULL, NULL, NULL, 1, 'eco', NULL, 'card'),
('FC0081', 58, 11493.36, 'paid', 'paid', NULL, NULL, '2025-04-14 06:19:00', '2025-07-04 05:51:35', NULL, NULL, NULL, NULL, NULL, NULL, 1, 'eco', NULL, 'cash'),
('FC0082', 1000, 14494.22, 'paid', 'paid', NULL, NULL, '2025-04-28 06:23:00', '2025-07-04 05:51:35', NULL, NULL, NULL, NULL, NULL, NULL, 1, 'plastic', NULL, 'cash'),
('FC0083', 58, 10874.00, 'paid', 'paid', NULL, NULL, '2025-07-03 00:52:00', '2025-07-04 05:51:35', NULL, NULL, NULL, NULL, NULL, NULL, 1, 'eco', NULL, 'cash'),
('FC0084', 58, 28164.32, 'paid', 'paid', NULL, NULL, '2025-06-01 00:28:00', '2025-07-04 05:51:35', NULL, NULL, NULL, NULL, NULL, NULL, 1, 'plastic', NULL, 'gcash'),
('FC0085', 58, 22592.85, 'paid', 'paid', NULL, NULL, '2025-05-16 08:58:00', '2025-07-04 05:51:35', NULL, NULL, NULL, NULL, NULL, NULL, 1, 'plastic', NULL, 'cash'),
('FC0086', 58, 21881.43, 'paid', 'paid', NULL, NULL, '2025-03-12 05:38:00', '2025-07-04 05:51:35', NULL, NULL, NULL, NULL, NULL, NULL, 1, 'eco', NULL, 'cash'),
('FC0087', 1000, 25325.75, 'paid', 'paid', NULL, NULL, '2025-06-26 05:33:00', '2025-07-04 05:51:35', NULL, NULL, NULL, NULL, NULL, NULL, 1, 'plastic', NULL, 'card'),
('FC0088', 58, 24136.95, 'paid', 'paid', NULL, NULL, '2025-03-13 02:37:00', '2025-07-04 05:51:36', NULL, NULL, NULL, NULL, NULL, NULL, 1, 'plastic', NULL, 'cash'),
('FC0089', 1000, 20792.24, 'paid', 'paid', NULL, NULL, '2025-04-26 08:42:00', '2025-07-04 05:51:36', NULL, NULL, NULL, NULL, NULL, NULL, 1, 'eco', NULL, 'gcash'),
('FC0090', 1000, 23074.48, 'paid', 'paid', NULL, NULL, '2025-05-23 09:06:00', '2025-07-04 05:51:36', NULL, NULL, NULL, NULL, NULL, NULL, 1, 'eco', NULL, 'cash'),
('FC0091', 58, 20332.92, 'paid', 'paid', NULL, NULL, '2025-05-08 10:59:00', '2025-07-04 05:51:36', NULL, NULL, NULL, NULL, NULL, NULL, 1, 'plastic', NULL, 'cash'),
('FC0092', 58, 38508.61, 'paid', 'paid', NULL, NULL, '2025-06-08 01:57:00', '2025-07-04 05:51:36', NULL, NULL, NULL, NULL, NULL, NULL, 1, 'plastic', NULL, 'cash'),
('FC0093', 1000, 13371.03, 'paid', 'paid', NULL, NULL, '2025-04-01 06:32:00', '2025-07-04 05:51:36', NULL, NULL, NULL, NULL, NULL, NULL, 1, 'eco', NULL, 'cash'),
('FC0094', 58, 35275.80, 'cancelled', 'paid', NULL, NULL, '2025-03-21 06:30:00', '2025-07-04 05:51:36', 'Found better price elsewhere', NULL, NULL, NULL, NULL, NULL, 1, 'plastic', NULL, 'cash'),
('FC0095', 58, 28462.08, 'paid', 'paid', NULL, NULL, '2025-04-10 03:42:00', '2025-07-04 05:51:36', NULL, NULL, NULL, NULL, NULL, NULL, 1, 'eco', NULL, 'cash'),
('FC0096', 1000, 30425.76, 'paid', 'paid', NULL, NULL, '2025-04-12 12:27:00', '2025-07-04 05:51:36', NULL, NULL, NULL, NULL, NULL, NULL, 1, 'eco', NULL, 'cash'),
('FC0097', 58, 10652.72, 'paid', 'paid', NULL, NULL, '2025-05-26 06:35:00', '2025-07-04 05:51:36', NULL, NULL, NULL, NULL, NULL, NULL, 1, 'plastic', NULL, 'cash'),
('FC0098', 58, 25113.75, 'paid', 'paid', NULL, NULL, '2025-03-14 06:10:00', '2025-07-04 05:51:36', NULL, NULL, NULL, NULL, NULL, NULL, 1, 'eco', NULL, 'gcash'),
('FC0099', 58, 15850.80, 'paid', 'paid', NULL, NULL, '2025-03-20 04:04:00', '2025-07-04 05:51:36', NULL, NULL, NULL, NULL, NULL, NULL, 1, 'eco', NULL, 'gcash'),
('FC0100', 58, 12376.48, 'preparing', 'paid', NULL, NULL, '2025-06-05 02:51:00', '2025-07-04 05:51:36', NULL, 23, '2025-06-05 11:26:00', NULL, NULL, NULL, 1, 'plastic', NULL, 'cash'),
('FC0101', 58, 21318.66, 'paid', 'paid', NULL, NULL, '2025-03-14 13:18:00', '2025-07-04 05:51:36', NULL, NULL, NULL, NULL, NULL, NULL, 1, 'eco', NULL, 'gcash'),
('FC0102', 58, 18963.82, 'preparing', 'paid', NULL, NULL, '2025-04-09 03:16:00', '2025-07-04 05:51:36', NULL, 23, '2025-04-09 12:08:00', NULL, NULL, NULL, 1, 'eco', NULL, 'cash'),
('FC0103', 1000, 33411.14, 'paid', 'paid', NULL, NULL, '2025-06-05 05:38:00', '2025-07-04 05:51:36', NULL, NULL, NULL, NULL, NULL, NULL, 1, 'plastic', NULL, 'cash'),
('FC0104', 58, 25852.34, 'paid', 'paid', NULL, NULL, '2025-05-01 05:13:00', '2025-07-04 05:51:36', NULL, NULL, NULL, NULL, NULL, NULL, 1, 'eco', NULL, 'cash'),
('FC0105', 58, 19332.06, 'paid', 'paid', NULL, NULL, '2025-06-11 07:25:00', '2025-07-04 05:51:36', NULL, NULL, NULL, NULL, NULL, NULL, 1, 'eco', NULL, 'cash'),
('FC0106', 58, 20976.30, 'paid', 'paid', NULL, NULL, '2025-06-13 10:31:00', '2025-07-04 05:51:36', NULL, NULL, NULL, NULL, NULL, NULL, 1, 'plastic', NULL, 'gcash'),
('FC0107', 58, 13775.40, 'cancelled', 'paid', NULL, NULL, '2025-04-18 05:13:00', '2025-07-04 05:51:36', 'Changed my mind', NULL, NULL, NULL, NULL, NULL, 1, 'eco', NULL, 'cash'),
('FC0108', 58, 16154.52, 'paid', 'paid', NULL, NULL, '2025-06-02 08:34:00', '2025-07-04 05:51:36', NULL, NULL, NULL, NULL, NULL, NULL, 1, 'eco', NULL, 'gcash'),
('FC0109', 58, 25911.06, 'paid', 'paid', NULL, NULL, '2025-06-13 10:47:00', '2025-07-04 05:51:36', NULL, NULL, NULL, NULL, NULL, NULL, 1, 'plastic', NULL, 'gcash'),
('FC0110', 58, 27907.04, 'paid', 'paid', NULL, NULL, '2025-03-08 07:58:00', '2025-07-04 05:51:36', NULL, NULL, NULL, NULL, NULL, NULL, 1, 'eco', NULL, 'cash'),
('FC0111', 58, 14915.07, 'paid', 'paid', NULL, NULL, '2025-03-13 00:06:00', '2025-07-04 05:51:36', NULL, NULL, NULL, NULL, NULL, NULL, 1, 'eco', NULL, 'cash'),
('FC0112', 1000, 14122.90, 'paid', 'paid', NULL, NULL, '2025-03-24 05:50:00', '2025-07-04 05:51:36', NULL, NULL, NULL, NULL, NULL, NULL, 1, 'eco', NULL, 'gcash'),
('FC0113', 58, 19599.19, 'paid', 'paid', NULL, NULL, '2025-04-21 05:14:00', '2025-07-04 05:51:36', NULL, NULL, NULL, NULL, NULL, NULL, 1, 'eco', NULL, 'gcash'),
('FC0114', 58, 19750.64, 'paid', 'paid', NULL, NULL, '2025-05-25 03:31:00', '2025-07-04 05:51:36', NULL, NULL, NULL, NULL, NULL, NULL, 1, 'eco', NULL, 'cash'),
('FC0115', 1000, 24401.46, 'paid', 'paid', NULL, NULL, '2025-06-18 06:22:00', '2025-07-04 05:51:36', NULL, NULL, NULL, NULL, NULL, NULL, 1, 'plastic', NULL, 'cash'),
('FC0116', 58, 29593.20, 'paid', 'paid', NULL, NULL, '2025-05-16 09:48:00', '2025-07-04 05:51:36', NULL, NULL, NULL, NULL, NULL, NULL, 1, 'eco', NULL, 'gcash'),
('FC0117', 1000, 26942.28, 'preparing', 'paid', NULL, NULL, '2025-06-10 06:11:00', '2025-07-04 05:51:36', NULL, 23, '2025-06-10 14:14:00', NULL, NULL, NULL, 1, 'eco', NULL, 'cash'),
('FC0118', 58, 19950.53, 'paid', 'paid', NULL, NULL, '2025-06-27 01:46:00', '2025-07-04 05:51:36', NULL, NULL, NULL, NULL, NULL, NULL, 1, 'eco', NULL, 'gcash'),
('FC0119', 1000, 23452.26, 'paid', 'paid', NULL, NULL, '2025-04-22 09:15:00', '2025-07-04 05:51:36', NULL, NULL, NULL, NULL, NULL, NULL, 1, 'eco', NULL, 'cash'),
('FC0120', 58, 20811.00, 'paid', 'paid', NULL, NULL, '2025-05-16 10:22:00', '2025-07-04 05:51:36', NULL, NULL, NULL, NULL, NULL, NULL, 1, 'eco', NULL, 'card'),
('FC0121', 58, 28159.04, 'paid', 'paid', NULL, NULL, '2025-03-09 08:24:00', '2025-07-04 05:51:37', NULL, NULL, NULL, NULL, NULL, NULL, 1, 'eco', NULL, 'gcash'),
('FC0122', 58, 15536.52, 'preparing', 'paid', NULL, NULL, '2025-06-03 03:29:00', '2025-07-04 05:51:37', NULL, 23, '2025-06-03 11:46:00', NULL, NULL, NULL, 1, 'plastic', NULL, 'cash'),
('FC0123', 1000, 15595.23, 'paid', 'paid', NULL, NULL, '2025-06-09 00:39:00', '2025-07-04 05:51:37', NULL, NULL, NULL, NULL, NULL, NULL, 1, 'eco', NULL, 'card'),
('FC0124', 58, 33864.34, 'paid', 'paid', NULL, NULL, '2025-06-07 07:53:00', '2025-07-04 05:51:37', NULL, NULL, NULL, NULL, NULL, NULL, 1, 'eco', NULL, 'card'),
('FC0125', 58, 19481.04, 'paid', 'paid', NULL, NULL, '2025-04-15 05:12:00', '2025-07-04 05:51:37', NULL, NULL, NULL, NULL, NULL, NULL, 1, 'eco', NULL, 'gcash'),
('FC0126', 58, 22652.16, 'paid', 'paid', NULL, NULL, '2025-06-19 06:04:00', '2025-07-04 05:51:37', NULL, NULL, NULL, NULL, NULL, NULL, 1, 'plastic', NULL, 'cash'),
('FC0127', 1000, 43292.64, 'paid', 'paid', NULL, NULL, '2025-06-22 08:40:00', '2025-07-04 05:51:37', NULL, NULL, NULL, NULL, NULL, NULL, 1, 'eco', NULL, 'gcash'),
('FC0128', 58, 20833.17, 'paid', 'paid', NULL, NULL, '2025-04-09 03:36:00', '2025-07-04 05:51:37', NULL, NULL, NULL, NULL, NULL, NULL, 1, 'eco', NULL, 'cash'),
('FC0129', 1000, 26488.80, 'paid', 'paid', NULL, NULL, '2025-05-28 01:16:00', '2025-07-04 05:51:37', NULL, NULL, NULL, NULL, NULL, NULL, 1, 'eco', NULL, 'cash'),
('FC0130', 58, 30444.70, 'paid', 'paid', NULL, NULL, '2025-03-30 05:55:00', '2025-07-04 05:51:37', NULL, NULL, NULL, NULL, NULL, NULL, 1, 'plastic', NULL, 'cash'),
('FC0131', 1000, 18717.51, 'paid', 'paid', NULL, NULL, '2025-04-28 09:58:00', '2025-07-04 05:51:37', NULL, NULL, NULL, NULL, NULL, NULL, 1, 'plastic', NULL, 'gcash'),
('FC0132', 58, 42009.69, 'paid', 'paid', NULL, NULL, '2025-04-06 05:04:00', '2025-07-04 05:51:37', NULL, NULL, NULL, NULL, NULL, NULL, 1, 'eco', NULL, 'cash'),
('FC0133', 1000, 19288.00, 'paid', 'paid', NULL, NULL, '2025-07-01 06:47:00', '2025-07-04 05:51:37', NULL, NULL, NULL, NULL, NULL, NULL, 1, 'eco', NULL, 'cash'),
('FC0134', 58, 14257.75, 'paid', 'paid', NULL, NULL, '2025-04-29 05:41:00', '2025-07-04 05:51:37', NULL, NULL, NULL, NULL, NULL, NULL, 1, 'eco', NULL, 'cash'),
('FC0135', 1000, 27481.44, 'paid', 'paid', NULL, NULL, '2025-03-11 07:58:00', '2025-07-04 05:51:37', NULL, NULL, NULL, NULL, NULL, NULL, 1, 'plastic', NULL, 'card'),
('FC0136', 58, 29081.16, 'preparing', 'paid', NULL, NULL, '2025-04-14 05:44:00', '2025-07-04 05:51:37', NULL, 23, '2025-04-14 14:21:00', NULL, NULL, NULL, 1, 'eco', NULL, 'cash'),
('FC0137', 58, 24345.04, 'paid', 'paid', NULL, NULL, '2025-06-21 04:46:00', '2025-07-04 05:51:37', NULL, NULL, NULL, NULL, NULL, NULL, 1, 'eco', NULL, 'cash'),
('FC0138', 58, 16543.27, 'paid', 'paid', NULL, NULL, '2025-04-28 07:27:00', '2025-07-04 05:51:37', NULL, NULL, NULL, NULL, NULL, NULL, 1, 'eco', NULL, 'cash'),
('FC0139', 58, 15553.32, 'paid', 'paid', NULL, NULL, '2025-03-21 03:56:00', '2025-07-04 05:51:37', NULL, NULL, NULL, NULL, NULL, NULL, 1, 'plastic', NULL, 'card'),
('FC0140', 1000, 14965.65, 'paid', 'paid', NULL, NULL, '2025-05-15 02:06:00', '2025-07-04 05:51:37', NULL, NULL, NULL, NULL, NULL, NULL, 1, 'plastic', NULL, 'gcash'),
('FC0141', 58, 23125.44, 'paid', 'paid', NULL, NULL, '2025-06-12 09:23:00', '2025-07-04 05:51:37', NULL, NULL, NULL, NULL, NULL, NULL, 1, 'eco', NULL, 'gcash'),
('FC0142', 58, 15456.03, 'paid', 'paid', NULL, NULL, '2025-06-26 03:35:00', '2025-07-04 05:51:37', NULL, NULL, NULL, NULL, NULL, NULL, 1, 'eco', NULL, 'gcash'),
('FC0143', 58, 26848.44, 'paid', 'paid', NULL, NULL, '2025-06-13 09:05:00', '2025-07-04 05:51:37', NULL, NULL, NULL, NULL, NULL, NULL, 1, 'eco', NULL, 'gcash'),
('FC0144', 58, 25714.60, 'paid', 'paid', NULL, NULL, '2025-06-25 07:54:00', '2025-07-04 05:51:37', NULL, NULL, NULL, NULL, NULL, NULL, 1, 'eco', NULL, 'cash'),
('FC0145', 58, 18608.88, 'paid', 'paid', NULL, NULL, '2025-06-19 01:20:00', '2025-07-04 05:51:37', NULL, NULL, NULL, NULL, NULL, NULL, 1, 'eco', NULL, 'cash'),
('FC0146', 58, 27294.63, 'paid', 'paid', NULL, NULL, '2025-04-29 05:07:00', '2025-07-04 05:51:37', NULL, NULL, NULL, NULL, NULL, NULL, 1, 'eco', NULL, 'cash'),
('FC0147', 1000, 27820.80, 'paid', 'paid', NULL, NULL, '2025-05-17 05:27:00', '2025-07-04 05:51:37', NULL, NULL, NULL, NULL, NULL, NULL, 1, 'eco', NULL, 'gcash'),
('FC0148', 1000, 12468.45, 'paid', 'paid', NULL, NULL, '2025-06-21 07:56:00', '2025-07-04 05:51:37', NULL, NULL, NULL, NULL, NULL, NULL, 1, 'eco', NULL, 'cash'),
('FC0149', 1000, 15428.37, 'paid', 'paid', NULL, NULL, '2025-06-02 05:02:00', '2025-07-04 05:51:37', NULL, NULL, NULL, NULL, NULL, NULL, 1, 'eco', NULL, 'cash'),
('FC0150', 58, 29109.35, 'preparing', 'paid', NULL, NULL, '2025-04-26 05:08:00', '2025-07-04 05:51:37', NULL, 23, '2025-04-26 13:32:00', NULL, NULL, NULL, 1, 'eco', NULL, 'gcash'),
('SPF001', 58, 28772.00, 'paid', 'paid', NULL, NULL, '2025-04-29 06:30:00', '2025-07-04 05:51:37', NULL, NULL, NULL, NULL, NULL, NULL, 1, 'eco', NULL, 'cash'),
('SPF002', 58, 31347.00, 'paid', 'paid', NULL, NULL, '2025-06-23 06:30:00', '2025-07-04 05:51:37', NULL, NULL, NULL, NULL, NULL, NULL, 1, 'eco', NULL, 'cash'),
('SPF003', 58, 27971.00, 'paid', 'paid', NULL, NULL, '2025-05-23 06:30:00', '2025-07-04 05:51:37', NULL, NULL, NULL, NULL, NULL, NULL, 1, 'eco', NULL, 'cash'),
('SPF004', 58, 29606.00, 'paid', 'paid', NULL, NULL, '2025-06-19 06:30:00', '2025-07-04 05:51:38', NULL, NULL, NULL, NULL, NULL, NULL, 1, 'eco', NULL, 'cash'),
('SPF005', 58, 29874.00, 'paid', 'paid', NULL, NULL, '2025-04-09 06:30:00', '2025-07-04 05:51:38', NULL, NULL, NULL, NULL, NULL, NULL, 1, 'eco', NULL, 'cash'),
('SPF006', 58, 27410.00, 'paid', 'paid', NULL, NULL, '2025-04-19 06:30:00', '2025-07-04 05:51:38', NULL, NULL, NULL, NULL, NULL, NULL, 1, 'eco', NULL, 'cash'),
('SPF007', 58, 39012.00, 'paid', 'paid', NULL, NULL, '2025-07-02 06:30:00', '2025-07-04 05:51:38', NULL, NULL, NULL, NULL, NULL, NULL, 1, 'eco', NULL, 'cash'),
('SPF008', 58, 29410.00, 'paid', 'paid', NULL, NULL, '2025-04-23 06:30:00', '2025-07-04 05:51:38', NULL, NULL, NULL, NULL, NULL, NULL, 1, 'eco', NULL, 'cash'),
('SPF009', 58, 32073.00, 'paid', 'paid', NULL, NULL, '2025-05-26 06:30:00', '2025-07-04 05:51:38', NULL, NULL, NULL, NULL, NULL, NULL, 1, 'eco', NULL, 'cash'),
('SPF010', 58, 32841.00, 'paid', 'paid', NULL, NULL, '2025-05-27 06:30:00', '2025-07-04 05:51:38', NULL, NULL, NULL, NULL, NULL, NULL, 1, 'eco', NULL, 'cash'),
('SPF011', 58, 30206.00, 'paid', 'paid', NULL, NULL, '2025-04-07 06:30:00', '2025-07-04 05:51:38', NULL, NULL, NULL, NULL, NULL, NULL, 1, 'eco', NULL, 'cash'),
('SPF012', 58, 33139.00, 'paid', 'paid', NULL, NULL, '2025-05-22 06:30:00', '2025-07-04 05:51:38', NULL, NULL, NULL, NULL, NULL, NULL, 1, 'eco', NULL, 'cash'),
('SPF013', 58, 33282.00, 'paid', 'paid', NULL, NULL, '2025-05-18 06:30:00', '2025-07-04 05:51:38', NULL, NULL, NULL, NULL, NULL, NULL, 1, 'eco', NULL, 'cash'),
('SPF014', 58, 29902.00, 'paid', 'paid', NULL, NULL, '2025-05-09 06:30:00', '2025-07-04 05:51:38', NULL, NULL, NULL, NULL, NULL, NULL, 1, 'eco', NULL, 'cash'),
('SPF015', 58, 30619.00, 'paid', 'paid', NULL, NULL, '2025-05-23 06:30:00', '2025-07-04 05:51:38', NULL, NULL, NULL, NULL, NULL, NULL, 1, 'eco', NULL, 'cash'),
('SPF016', 58, 30772.00, 'paid', 'paid', NULL, NULL, '2025-06-30 06:30:00', '2025-07-04 05:51:38', NULL, NULL, NULL, NULL, NULL, NULL, 1, 'eco', NULL, 'cash'),
('SPF017', 58, 35432.00, 'paid', 'paid', NULL, NULL, '2025-04-25 06:30:00', '2025-07-04 05:51:38', NULL, NULL, NULL, NULL, NULL, NULL, 1, 'eco', NULL, 'cash'),
('SPF018', 58, 27680.00, 'paid', 'paid', NULL, NULL, '2025-06-01 06:30:00', '2025-07-04 05:51:38', NULL, NULL, NULL, NULL, NULL, NULL, 1, 'eco', NULL, 'cash'),
('SPF019', 58, 28973.00, 'paid', 'paid', NULL, NULL, '2025-05-25 06:30:00', '2025-07-04 05:51:38', NULL, NULL, NULL, NULL, NULL, NULL, 1, 'eco', NULL, 'cash'),
('SPF020', 58, 24865.00, 'paid', 'paid', NULL, NULL, '2025-07-03 06:30:00', '2025-07-04 05:51:38', NULL, NULL, NULL, NULL, NULL, NULL, 1, 'eco', NULL, 'cash'),
('TO00001', 1, 1991.00, 'paid', 'pending', NULL, NULL, '2025-05-28 16:00:00', '2025-07-04 04:01:40', NULL, NULL, NULL, NULL, NULL, NULL, 1, 'eco', NULL, 'cash'),
('TO00002', 1, 7454.00, 'paid', 'pending', NULL, NULL, '2025-06-27 16:00:00', '2025-07-04 04:01:40', NULL, NULL, NULL, NULL, NULL, NULL, 1, 'eco', NULL, 'cash'),
('TO00003', 1, 1536.00, 'paid', 'pending', NULL, NULL, '2025-05-06 16:00:00', '2025-07-04 04:01:40', NULL, NULL, NULL, NULL, NULL, NULL, 1, 'eco', NULL, 'cash'),
('TO00004', 1, 4000.00, 'paid', 'pending', NULL, NULL, '2025-06-22 16:00:00', '2025-07-04 04:01:41', NULL, NULL, NULL, NULL, NULL, NULL, 1, 'eco', NULL, 'cash'),
('TO00005', 1, 1169.00, 'paid', 'pending', NULL, NULL, '2025-05-14 16:00:00', '2025-07-04 04:01:41', NULL, NULL, NULL, NULL, NULL, NULL, 1, 'eco', NULL, 'cash'),
('TO00006', 1, 112.00, 'paid', 'pending', NULL, NULL, '2025-06-06 16:00:00', '2025-07-04 04:01:41', NULL, NULL, NULL, NULL, NULL, NULL, 1, 'eco', NULL, 'cash'),
('TO00007', 1, 153.00, 'paid', 'pending', NULL, NULL, '2025-05-22 16:00:00', '2025-07-04 04:01:41', NULL, NULL, NULL, NULL, NULL, NULL, 1, 'eco', NULL, 'cash'),
('TO00008', 1, 1830.00, 'paid', 'pending', NULL, NULL, '2025-06-01 16:00:00', '2025-07-04 04:01:41', NULL, NULL, NULL, NULL, NULL, NULL, 1, 'eco', NULL, 'cash'),
('TO00009', 1, 1500.00, 'paid', 'pending', NULL, NULL, '2025-06-16 16:00:00', '2025-07-04 04:01:41', NULL, NULL, NULL, NULL, NULL, NULL, 1, 'eco', NULL, 'cash'),
('TO00010', 1, 512.50, 'paid', 'pending', NULL, NULL, '2025-05-29 16:00:00', '2025-07-04 04:01:41', NULL, NULL, NULL, NULL, NULL, NULL, 1, 'eco', NULL, 'cash'),
('TO00011', 1, 802.00, 'paid', 'pending', NULL, NULL, '2025-06-09 16:00:00', '2025-07-04 04:01:41', NULL, NULL, NULL, NULL, NULL, NULL, 1, 'eco', NULL, 'cash'),
('TO00012', 1, 2076.00, 'paid', 'pending', NULL, NULL, '2025-06-04 16:00:00', '2025-07-04 04:01:41', NULL, NULL, NULL, NULL, NULL, NULL, 1, 'eco', NULL, 'cash'),
('TO00013', 1, 302.50, 'paid', 'pending', NULL, NULL, '2025-05-20 16:00:00', '2025-07-04 04:01:41', NULL, NULL, NULL, NULL, NULL, NULL, 1, 'eco', NULL, 'cash'),
('TO00014', 1, 0.00, 'paid', 'pending', NULL, NULL, '2025-07-01 16:00:00', '2025-07-04 04:01:41', NULL, NULL, NULL, NULL, NULL, NULL, 1, 'eco', NULL, 'cash'),
('TO00015', 1, 4807.00, 'paid', 'pending', NULL, NULL, '2025-06-26 16:00:00', '2025-07-04 04:01:41', NULL, NULL, NULL, NULL, NULL, NULL, 1, 'eco', NULL, 'cash'),
('TO00016', 1, 476.00, 'paid', 'pending', NULL, NULL, '2025-05-11 16:00:00', '2025-07-04 04:01:41', NULL, NULL, NULL, NULL, NULL, NULL, 1, 'eco', NULL, 'cash'),
('TO00017', 1, 0.00, 'paid', 'pending', NULL, NULL, '2025-05-31 16:00:00', '2025-07-04 04:01:41', NULL, NULL, NULL, NULL, NULL, NULL, 1, 'eco', NULL, 'cash'),
('TO00018', 1, 3106.00, 'paid', 'pending', NULL, NULL, '2025-05-13 16:00:00', '2025-07-04 04:01:41', NULL, NULL, NULL, NULL, NULL, NULL, 1, 'eco', NULL, 'cash'),
('TO00019', 1, 1344.00, 'paid', 'pending', NULL, NULL, '2025-05-07 16:00:00', '2025-07-04 04:01:41', NULL, NULL, NULL, NULL, NULL, NULL, 1, 'eco', NULL, 'cash'),
('TO00020', 1, 2437.00, 'paid', 'pending', NULL, NULL, '2025-06-20 16:00:00', '2025-07-04 04:01:41', NULL, NULL, NULL, NULL, NULL, NULL, 1, 'eco', NULL, 'cash'),
('TO00021', 1, 1098.00, 'paid', 'pending', NULL, NULL, '2025-06-28 16:00:00', '2025-07-04 04:01:41', NULL, NULL, NULL, NULL, NULL, NULL, 1, 'eco', NULL, 'cash'),
('TO00022', 1, 5287.00, 'paid', 'pending', NULL, NULL, '2025-06-23 16:00:00', '2025-07-04 04:01:41', NULL, NULL, NULL, NULL, NULL, NULL, 1, 'eco', NULL, 'cash'),
('TO00023', 1, 807.00, 'paid', 'pending', NULL, NULL, '2025-06-20 16:00:00', '2025-07-04 04:01:41', NULL, NULL, NULL, NULL, NULL, NULL, 1, 'eco', NULL, 'cash'),
('TO00024', 1, 665.00, 'paid', 'pending', NULL, NULL, '2025-06-26 16:00:00', '2025-07-04 04:01:41', NULL, NULL, NULL, NULL, NULL, NULL, 1, 'eco', NULL, 'cash'),
('TO00025', 1, 1025.00, 'paid', 'pending', NULL, NULL, '2025-05-28 16:00:00', '2025-07-04 04:01:41', NULL, NULL, NULL, NULL, NULL, NULL, 1, 'eco', NULL, 'cash'),
('TO00026', 1, 339.00, 'paid', 'pending', NULL, NULL, '2025-05-12 16:00:00', '2025-07-04 04:01:41', NULL, NULL, NULL, NULL, NULL, NULL, 1, 'eco', NULL, 'cash'),
('TO00027', 1, 376.50, 'paid', 'pending', NULL, NULL, '2025-05-11 16:00:00', '2025-07-04 04:01:41', NULL, NULL, NULL, NULL, NULL, NULL, 1, 'eco', NULL, 'cash'),
('TO00028', 1, 391.50, 'paid', 'pending', NULL, NULL, '2025-05-30 16:00:00', '2025-07-04 04:01:41', NULL, NULL, NULL, NULL, NULL, NULL, 1, 'eco', NULL, 'cash'),
('TO00029', 1, 114.00, 'paid', 'pending', NULL, NULL, '2025-05-28 16:00:00', '2025-07-04 04:01:41', NULL, NULL, NULL, NULL, NULL, NULL, 1, 'eco', NULL, 'cash'),
('TO00030', 1, 385.00, 'paid', 'pending', NULL, NULL, '2025-07-03 16:00:00', '2025-07-04 04:01:41', NULL, NULL, NULL, NULL, NULL, NULL, 1, 'eco', NULL, 'cash'),
('TO00031', 1, 8954.00, 'paid', 'pending', NULL, NULL, '2025-05-22 16:00:00', '2025-07-04 04:01:41', NULL, NULL, NULL, NULL, NULL, NULL, 1, 'eco', NULL, 'cash'),
('TO00032', 1, 174.00, 'paid', 'pending', NULL, NULL, '2025-05-30 16:00:00', '2025-07-04 04:01:41', NULL, NULL, NULL, NULL, NULL, NULL, 1, 'eco', NULL, 'cash'),
('TO00033', 1, 138.00, 'paid', 'pending', NULL, NULL, '2025-05-09 16:00:00', '2025-07-04 04:01:41', NULL, NULL, NULL, NULL, NULL, NULL, 1, 'eco', NULL, 'cash'),
('TO00034', 1, 579.00, 'paid', 'pending', NULL, NULL, '2025-06-30 16:00:00', '2025-07-04 04:01:41', NULL, NULL, NULL, NULL, NULL, NULL, 1, 'eco', NULL, 'cash'),
('TO00035', 1, 1464.00, 'paid', 'pending', NULL, NULL, '2025-07-01 16:00:00', '2025-07-04 04:01:41', NULL, NULL, NULL, NULL, NULL, NULL, 1, 'eco', NULL, 'cash'),
('TO00036', 1, 300.00, 'paid', 'pending', NULL, NULL, '2025-06-29 16:00:00', '2025-07-04 04:01:41', NULL, NULL, NULL, NULL, NULL, NULL, 1, 'eco', NULL, 'cash'),
('TO00037', 1, 2392.00, 'paid', 'pending', NULL, NULL, '2025-05-20 16:00:00', '2025-07-04 04:01:41', NULL, NULL, NULL, NULL, NULL, NULL, 1, 'eco', NULL, 'cash'),
('TO00038', 1, 0.00, 'paid', 'pending', NULL, NULL, '2025-07-01 16:00:00', '2025-07-04 04:01:41', NULL, NULL, NULL, NULL, NULL, NULL, 1, 'eco', NULL, 'cash'),
('TO00039', 1, 125.00, 'paid', 'pending', NULL, NULL, '2025-06-02 16:00:00', '2025-07-04 04:01:41', NULL, NULL, NULL, NULL, NULL, NULL, 1, 'eco', NULL, 'cash'),
('TO00040', 1, 350.00, 'paid', 'pending', NULL, NULL, '2025-05-06 16:00:00', '2025-07-04 04:01:41', NULL, NULL, NULL, NULL, NULL, NULL, 1, 'eco', NULL, 'cash'),
('TO00041', 1, 8685.00, 'paid', 'pending', NULL, NULL, '2025-05-29 16:00:00', '2025-07-04 04:01:41', NULL, NULL, NULL, NULL, NULL, NULL, 1, 'eco', NULL, 'cash'),
('TO00042', 1, 2172.00, 'paid', 'pending', NULL, NULL, '2025-05-15 16:00:00', '2025-07-04 04:01:41', NULL, NULL, NULL, NULL, NULL, NULL, 1, 'eco', NULL, 'cash'),
('TO00043', 1, 0.00, 'paid', 'pending', NULL, NULL, '2025-06-09 16:00:00', '2025-07-04 04:01:41', NULL, NULL, NULL, NULL, NULL, NULL, 1, 'eco', NULL, 'cash'),
('TO00044', 1, 999.00, 'paid', 'pending', NULL, NULL, '2025-05-24 16:00:00', '2025-07-04 04:01:41', NULL, NULL, NULL, NULL, NULL, NULL, 1, 'eco', NULL, 'cash'),
('TO00045', 1, 0.00, 'paid', 'pending', NULL, NULL, '2025-05-20 16:00:00', '2025-07-04 04:01:41', NULL, NULL, NULL, NULL, NULL, NULL, 1, 'eco', NULL, 'cash'),
('TO00046', 1, 0.00, 'paid', 'pending', NULL, NULL, '2025-06-07 16:00:00', '2025-07-04 04:01:41', NULL, NULL, NULL, NULL, NULL, NULL, 1, 'eco', NULL, 'cash'),
('TO00047', 1, 929.50, 'paid', 'pending', NULL, NULL, '2025-06-22 16:00:00', '2025-07-04 04:01:41', NULL, NULL, NULL, NULL, NULL, NULL, 1, 'eco', NULL, 'cash'),
('TO00048', 1, 4832.00, 'paid', 'pending', NULL, NULL, '2025-05-15 16:00:00', '2025-07-04 04:01:41', NULL, NULL, NULL, NULL, NULL, NULL, 1, 'eco', NULL, 'cash'),
('TO00049', 1, 5105.00, 'paid', 'pending', NULL, NULL, '2025-06-23 16:00:00', '2025-07-04 04:01:41', NULL, NULL, NULL, NULL, NULL, NULL, 1, 'eco', NULL, 'cash'),
('TO00050', 1, 0.00, 'paid', 'pending', NULL, NULL, '2025-06-07 16:00:00', '2025-07-04 04:01:41', NULL, NULL, NULL, NULL, NULL, NULL, 1, 'eco', NULL, 'cash'),
('TO00051', 1, 1504.00, 'paid', 'pending', NULL, NULL, '2025-05-11 16:00:00', '2025-07-04 04:01:41', NULL, NULL, NULL, NULL, NULL, NULL, 1, 'eco', NULL, 'cash'),
('TO00052', 1, 570.00, 'paid', 'pending', NULL, NULL, '2025-06-24 16:00:00', '2025-07-04 04:01:41', NULL, NULL, NULL, NULL, NULL, NULL, 1, 'eco', NULL, 'cash'),
('TO00053', 1, 452.00, 'paid', 'pending', NULL, NULL, '2025-05-15 16:00:00', '2025-07-04 04:01:41', NULL, NULL, NULL, NULL, NULL, NULL, 1, 'eco', NULL, 'cash'),
('TO00054', 1, 754.00, 'paid', 'pending', NULL, NULL, '2025-05-14 16:00:00', '2025-07-04 04:01:41', NULL, NULL, NULL, NULL, NULL, NULL, 1, 'eco', NULL, 'cash'),
('TO00055', 1, 1200.00, 'paid', 'pending', NULL, NULL, '2025-05-05 16:00:00', '2025-07-04 04:01:41', NULL, NULL, NULL, NULL, NULL, NULL, 1, 'eco', NULL, 'cash'),
('TO00056', 1, 872.00, 'paid', 'pending', NULL, NULL, '2025-05-18 16:00:00', '2025-07-04 04:01:41', NULL, NULL, NULL, NULL, NULL, NULL, 1, 'eco', NULL, 'cash'),
('TO00057', 1, 145.00, 'paid', 'pending', NULL, NULL, '2025-05-05 16:00:00', '2025-07-04 04:01:41', NULL, NULL, NULL, NULL, NULL, NULL, 1, 'eco', NULL, 'cash'),
('TO00058', 1, 432.00, 'paid', 'pending', NULL, NULL, '2025-05-31 16:00:00', '2025-07-04 04:01:41', NULL, NULL, NULL, NULL, NULL, NULL, 1, 'eco', NULL, 'cash'),
('TO00059', 1, 1820.00, 'paid', 'pending', NULL, NULL, '2025-05-05 16:00:00', '2025-07-04 04:01:41', NULL, NULL, NULL, NULL, NULL, NULL, 1, 'eco', NULL, 'cash'),
('TO00060', 1, 1494.00, 'paid', 'pending', NULL, NULL, '2025-06-26 16:00:00', '2025-07-04 04:01:41', NULL, NULL, NULL, NULL, NULL, NULL, 1, 'eco', NULL, 'cash'),
('TO00061', 1, 1865.50, 'paid', 'pending', NULL, NULL, '2025-06-01 16:00:00', '2025-07-04 04:01:41', NULL, NULL, NULL, NULL, NULL, NULL, 1, 'eco', NULL, 'cash'),
('TO00062', 1, 320.00, 'paid', 'pending', NULL, NULL, '2025-06-19 16:00:00', '2025-07-04 04:01:41', NULL, NULL, NULL, NULL, NULL, NULL, 1, 'eco', NULL, 'cash'),
('TO00063', 1, 138.00, 'paid', 'pending', NULL, NULL, '2025-06-21 16:00:00', '2025-07-04 04:01:41', NULL, NULL, NULL, NULL, NULL, NULL, 1, 'eco', NULL, 'cash'),
('TO00064', 1, 0.00, 'paid', 'pending', NULL, NULL, '2025-06-14 16:00:00', '2025-07-04 04:01:41', NULL, NULL, NULL, NULL, NULL, NULL, 1, 'eco', NULL, 'cash'),
('TO00065', 1, 2231.00, 'paid', 'pending', NULL, NULL, '2025-06-01 16:00:00', '2025-07-04 04:01:41', NULL, NULL, NULL, NULL, NULL, NULL, 1, 'eco', NULL, 'cash'),
('TO00066', 1, 52.00, 'paid', 'pending', NULL, NULL, '2025-05-29 16:00:00', '2025-07-04 04:01:41', NULL, NULL, NULL, NULL, NULL, NULL, 1, 'eco', NULL, 'cash'),
('TO00067', 1, 345.00, 'paid', 'pending', NULL, NULL, '2025-06-02 16:00:00', '2025-07-04 04:01:41', NULL, NULL, NULL, NULL, NULL, NULL, 1, 'eco', NULL, 'cash'),
('TO00068', 1, 1244.00, 'paid', 'pending', NULL, NULL, '2025-05-26 16:00:00', '2025-07-04 04:01:41', NULL, NULL, NULL, NULL, NULL, NULL, 1, 'eco', NULL, 'cash'),
('TO00069', 1, 3542.00, 'paid', 'pending', NULL, NULL, '2025-06-29 16:00:00', '2025-07-04 04:01:41', NULL, NULL, NULL, NULL, NULL, NULL, 1, 'eco', NULL, 'cash'),
('TO00070', 1, 245.00, 'paid', 'pending', NULL, NULL, '2025-05-18 16:00:00', '2025-07-04 04:01:41', NULL, NULL, NULL, NULL, NULL, NULL, 1, 'eco', NULL, 'cash'),
('TO00071', 1, 12983.00, 'paid', 'pending', NULL, NULL, '2025-05-16 16:00:00', '2025-07-04 04:01:41', NULL, NULL, NULL, NULL, NULL, NULL, 1, 'eco', NULL, 'cash'),
('TO00072', 1, 462.00, 'paid', 'pending', NULL, NULL, '2025-06-17 16:00:00', '2025-07-04 04:01:41', NULL, NULL, NULL, NULL, NULL, NULL, 1, 'eco', NULL, 'cash'),
('TO00073', 1, 2106.00, 'paid', 'pending', NULL, NULL, '2025-06-29 16:00:00', '2025-07-04 04:01:41', NULL, NULL, NULL, NULL, NULL, NULL, 1, 'eco', NULL, 'cash'),
('TO00074', 1, 2756.50, 'paid', 'pending', NULL, NULL, '2025-05-12 16:00:00', '2025-07-04 04:01:41', NULL, NULL, NULL, NULL, NULL, NULL, 1, 'eco', NULL, 'cash'),
('TO00075', 1, 210.00, 'paid', 'pending', NULL, NULL, '2025-06-30 16:00:00', '2025-07-04 04:01:41', NULL, NULL, NULL, NULL, NULL, NULL, 1, 'eco', NULL, 'cash'),
('TO00076', 1, 5563.50, 'paid', 'pending', NULL, NULL, '2025-05-23 16:00:00', '2025-07-04 04:01:41', NULL, NULL, NULL, NULL, NULL, NULL, 1, 'eco', NULL, 'cash'),
('TO00077', 1, 556.75, 'paid', 'pending', NULL, NULL, '2025-07-01 16:00:00', '2025-07-04 04:01:41', NULL, NULL, NULL, NULL, NULL, NULL, 1, 'eco', NULL, 'cash'),
('TO00078', 1, 0.00, 'paid', 'pending', NULL, NULL, '2025-05-31 16:00:00', '2025-07-04 04:01:41', NULL, NULL, NULL, NULL, NULL, NULL, 1, 'eco', NULL, 'cash'),
('TO00079', 1, 1680.00, 'paid', 'pending', NULL, NULL, '2025-06-25 16:00:00', '2025-07-04 04:01:41', NULL, NULL, NULL, NULL, NULL, NULL, 1, 'eco', NULL, 'cash'),
('TO00080', 1, 4441.00, 'paid', 'pending', NULL, NULL, '2025-05-20 16:00:00', '2025-07-04 04:01:41', NULL, NULL, NULL, NULL, NULL, NULL, 1, 'eco', NULL, 'cash'),
('TO00081', 1, 1173.50, 'paid', 'pending', NULL, NULL, '2025-06-22 16:00:00', '2025-07-04 04:01:41', NULL, NULL, NULL, NULL, NULL, NULL, 1, 'eco', NULL, 'cash'),
('TO00082', 1, 110.00, 'paid', 'pending', NULL, NULL, '2025-07-01 16:00:00', '2025-07-04 04:01:41', NULL, NULL, NULL, NULL, NULL, NULL, 1, 'eco', NULL, 'cash'),
('TO00083', 1, 504.00, 'paid', 'pending', NULL, NULL, '2025-06-07 16:00:00', '2025-07-04 04:01:41', NULL, NULL, NULL, NULL, NULL, NULL, 1, 'eco', NULL, 'cash');
INSERT INTO `orders` (`order_id`, `user_id`, `total_amount`, `status`, `payment_status`, `payment_reference`, `paid_at`, `created_at`, `updated_at`, `cancel_reason`, `accepted_by`, `accepted_at`, `cash_amount`, `change_amount`, `customer_name`, `is_physical_order`, `packaging_preference`, `payment_intent_id`, `payment_method`) VALUES
('TO00084', 1, 1912.00, 'paid', 'pending', NULL, NULL, '2025-06-11 16:00:00', '2025-07-04 04:01:41', NULL, NULL, NULL, NULL, NULL, NULL, 1, 'eco', NULL, 'cash'),
('TO00085', 1, 0.00, 'paid', 'pending', NULL, NULL, '2025-06-27 16:00:00', '2025-07-04 04:01:41', NULL, NULL, NULL, NULL, NULL, NULL, 1, 'eco', NULL, 'cash'),
('TO00086', 1, 0.00, 'paid', 'pending', NULL, NULL, '2025-06-16 16:00:00', '2025-07-04 04:01:41', NULL, NULL, NULL, NULL, NULL, NULL, 1, 'eco', NULL, 'cash'),
('TO00087', 1, 868.00, 'paid', 'pending', NULL, NULL, '2025-05-06 16:00:00', '2025-07-04 04:01:41', NULL, NULL, NULL, NULL, NULL, NULL, 1, 'eco', NULL, 'cash'),
('TO00088', 1, 7515.00, 'paid', 'pending', NULL, NULL, '2025-05-25 16:00:00', '2025-07-04 04:01:41', NULL, NULL, NULL, NULL, NULL, NULL, 1, 'eco', NULL, 'cash'),
('TO00089', 1, 1955.50, 'paid', 'pending', NULL, NULL, '2025-06-18 16:00:00', '2025-07-04 04:01:41', NULL, NULL, NULL, NULL, NULL, NULL, 1, 'eco', NULL, 'cash'),
('TO00090', 1, 340.00, 'paid', 'pending', NULL, NULL, '2025-05-18 16:00:00', '2025-07-04 04:01:42', NULL, NULL, NULL, NULL, NULL, NULL, 1, 'eco', NULL, 'cash'),
('TO00091', 1, 3089.00, 'paid', 'pending', NULL, NULL, '2025-06-20 16:00:00', '2025-07-04 04:01:42', NULL, NULL, NULL, NULL, NULL, NULL, 1, 'eco', NULL, 'cash'),
('TO00092', 1, 1152.00, 'paid', 'pending', NULL, NULL, '2025-06-16 16:00:00', '2025-07-04 04:01:42', NULL, NULL, NULL, NULL, NULL, NULL, 1, 'eco', NULL, 'cash'),
('TO00093', 1, 392.00, 'paid', 'pending', NULL, NULL, '2025-06-01 16:00:00', '2025-07-04 04:01:42', NULL, NULL, NULL, NULL, NULL, NULL, 1, 'eco', NULL, 'cash'),
('TO00094', 1, 1466.00, 'paid', 'pending', NULL, NULL, '2025-07-02 16:00:00', '2025-07-04 04:01:42', NULL, NULL, NULL, NULL, NULL, NULL, 1, 'eco', NULL, 'cash'),
('TO00095', 1, 256.00, 'paid', 'pending', NULL, NULL, '2025-05-28 16:00:00', '2025-07-04 04:01:42', NULL, NULL, NULL, NULL, NULL, NULL, 1, 'eco', NULL, 'cash'),
('TO00096', 1, 7207.00, 'paid', 'pending', NULL, NULL, '2025-05-07 16:00:00', '2025-07-04 04:01:42', NULL, NULL, NULL, NULL, NULL, NULL, 1, 'eco', NULL, 'cash'),
('TO00097', 1, 415.50, 'paid', 'pending', NULL, NULL, '2025-06-26 16:00:00', '2025-07-04 04:01:42', NULL, NULL, NULL, NULL, NULL, NULL, 1, 'eco', NULL, 'cash'),
('TO00098', 1, 3235.00, 'paid', 'pending', NULL, NULL, '2025-05-16 16:00:00', '2025-07-04 04:01:42', NULL, NULL, NULL, NULL, NULL, NULL, 1, 'eco', NULL, 'cash'),
('TO00099', 1, 27.00, 'paid', 'pending', NULL, NULL, '2025-05-26 16:00:00', '2025-07-04 04:01:42', NULL, NULL, NULL, NULL, NULL, NULL, 1, 'eco', NULL, 'cash'),
('TO00100', 1, 275.00, 'paid', 'pending', NULL, NULL, '2025-05-13 16:00:00', '2025-07-04 04:01:42', NULL, NULL, NULL, NULL, NULL, NULL, 1, 'eco', NULL, 'cash');

-- --------------------------------------------------------

--
-- Table structure for table `order_items`
--

CREATE TABLE `order_items` (
  `id` int NOT NULL,
  `order_id` char(7) DEFAULT NULL,
  `product_id` int DEFAULT NULL,
  `quantity` int NOT NULL,
  `price` decimal(10,2) NOT NULL,
  `choice_id` int DEFAULT NULL
) ENGINE=InnoDB DEFAULT CHARSET=utf8mb4 COLLATE=utf8mb4_0900_ai_ci;

--
-- Dumping data for table `order_items`
--

INSERT INTO `order_items` (`id`, `order_id`, `product_id`, `quantity`, `price`, `choice_id`) VALUES
(1798, '7214359', 33, 5, 649.00, NULL),
(1799, '0808688', 34, 1, 141.00, NULL),
(1800, '5369343', 34, 5, 141.00, NULL),
(1801, '0841191', 33, 1, 649.00, NULL),
(1802, '5608042', 45, 1, 20.00, 93),
(1803, '2056774', 71, 8, 25.00, NULL),
(1804, '1248147', 34, 1, 141.00, NULL),
(1805, '0200807', 33, 1, 649.00, NULL),
(1806, '2015882', 34, 1, 141.00, NULL),
(1807, '9569324', 33, 5, 649.00, NULL),
(1808, '9124499', 71, 2, 25.00, NULL),
(1809, '7319254', 71, 2, 25.00, NULL),
(1810, '9417679', 32, 1, 234.00, NULL),
(1811, '8560895', 34, 1, 141.00, NULL),
(1812, '8645745', 32, 1, 234.00, NULL),
(1813, '1653080', 67, 5, 20.50, NULL),
(1814, '3409484', 34, 1, 141.00, NULL),
(1815, '5880621', 35, 1, 189.00, NULL),
(1816, '1639093', 34, 1, 141.00, NULL),
(1817, '9959215', 34, 1, 141.00, NULL),
(1818, '9687106', 34, 1, 141.00, NULL),
(1819, '4822162', 34, 1, 141.00, NULL),
(1820, '5986653', 33, 2, 649.00, NULL),
(1821, '1307516', 33, 1, 649.00, NULL),
(1822, '2441414', 32, 1, 234.00, NULL),
(1823, '2983071', 33, 1, 649.00, NULL),
(1824, '3580428', 33, 1, 649.00, NULL),
(1825, '6706706', 33, 1, 649.00, NULL),
(1826, '8283303', 33, 1, 649.00, NULL),
(1827, '5702315', 33, 1, 649.00, NULL),
(1828, '4175951', 34, 1, 141.00, NULL),
(1829, '3235120', 33, 1, 649.00, NULL),
(1830, '5290085', 32, 1, 234.00, NULL),
(1831, '0679266', 34, 1, 141.00, NULL),
(1832, '7517578', 35, 1, 189.00, NULL),
(1833, '7454159', 33, 1, 649.00, NULL),
(1834, '6901682', 32, 1, 234.00, NULL),
(1835, '0983647', 33, 1, 649.00, NULL),
(1836, '5844440', 33, 1, 649.00, NULL),
(1837, '0587356', 33, 1, 649.00, NULL),
(1838, '7667794', 33, 1, 649.00, NULL),
(1839, '0459431', 33, 1, 649.00, NULL),
(1840, '5115340', 33, 1, 649.00, NULL),
(1841, '7440989', 33, 1, 649.00, NULL),
(1842, '9330593', 33, 1, 649.00, NULL),
(1843, '2418509', 33, 1, 649.00, NULL),
(1844, '8132915', 33, 1, 649.00, NULL),
(1845, '6800866', 33, 1, 649.00, NULL),
(1846, '6645291', 33, 1, 649.00, NULL),
(1847, '1496229', 33, 1, 649.00, NULL),
(1848, '6210815', 33, 1, 649.00, NULL),
(1849, '6354045', 33, 1, 649.00, NULL),
(1850, '5122736', 33, 1, 649.00, NULL),
(1851, '1021062', 33, 1, 649.00, NULL),
(1852, '7458455', 33, 1, 649.00, NULL),
(1853, '4642205', 33, 1, 649.00, NULL),
(1854, '0390132', 33, 1, 649.00, NULL),
(1855, '1432567', 33, 1, 649.00, NULL),
(1856, '3931216', 33, 1, 649.00, NULL),
(1857, '9409854', 33, 1, 649.00, NULL),
(1858, '2529231', 33, 1, 649.00, NULL),
(1859, '8943242', 33, 1, 649.00, NULL),
(1860, '1408770', 33, 1, 649.00, NULL),
(1861, '4238555', 33, 1, 649.00, NULL),
(1862, '8069415', 33, 1, 649.00, NULL),
(1863, '5484597', 33, 1, 649.00, NULL),
(1864, '6400996', 33, 1, 649.00, NULL),
(1865, '0894027', 33, 1, 649.00, NULL),
(1866, '0318783', 33, 1, 649.00, NULL),
(1867, '1681361', 33, 1, 649.00, NULL),
(1868, '6055720', 33, 1, 649.00, NULL),
(1869, '8863287', 33, 1, 649.00, NULL),
(1870, '3886578', 33, 1, 649.00, NULL),
(1871, '1840686', 33, 1, 649.00, NULL),
(1872, '4570157', 33, 1, 649.00, NULL),
(1873, '8617751', 33, 1, 649.00, NULL),
(1874, '4913745', 33, 1, 649.00, NULL),
(1875, '3900233', 33, 1, 649.00, NULL),
(1876, '6661982', 33, 1, 649.00, NULL),
(1877, '1398723', 33, 1, 649.00, NULL),
(1878, '6663691', 33, 1, 649.00, NULL),
(1879, '2075937', 33, 1, 649.00, NULL),
(1880, '1970774', 33, 1, 649.00, NULL),
(1881, '9701448', 33, 1, 649.00, NULL),
(1882, '0703756', 33, 1, 649.00, NULL),
(1883, '6737677', 32, 1, 234.00, NULL),
(1884, '4878295', 33, 1, 649.00, NULL),
(1885, '8478359', 32, 1, 234.00, NULL),
(1886, '1427702', 32, 1, 234.00, NULL),
(1887, '1356971', 34, 1, 141.00, NULL),
(1888, '7575261', 34, 1, 141.00, NULL),
(1889, '0764384', 34, 2, 141.00, NULL),
(1890, '0469640', 35, 4, 189.00, NULL),
(1891, '1381537', 34, 1, 141.00, NULL),
(1892, '4377608', 34, 1, 141.00, NULL),
(1893, '7544602', 33, 1, 649.00, NULL),
(1894, '5655076', 33, 1, 649.00, NULL),
(1895, '0851586', 33, 1, 649.00, NULL),
(1896, '5213687', 33, 2, 649.00, NULL),
(1897, '2980171', 33, 1, 649.00, NULL),
(1898, '0413691', 33, 5, 649.00, NULL),
(1899, '5808256', 33, 4, 649.00, NULL),
(1900, '1088638', 33, 1, 649.00, NULL),
(1901, '9792151', 33, 1, 649.00, NULL),
(1902, '5894232', 35, 5, 189.00, NULL),
(1903, '6780108', 35, 1, 189.00, NULL),
(1904, 'TO00001', 110, 5, 207.00, NULL),
(1905, 'TO00001', 41, 10, 23.00, NULL),
(1906, 'TO00001', 117, 7, 58.00, NULL),
(1907, 'TO00001', 69, 10, 32.00, NULL),
(1908, 'TO00002', 60, 1, 1554.00, NULL),
(1909, 'TO00002', 130, 10, 75.00, NULL),
(1910, 'TO00002', 59, 6, 835.00, NULL),
(1911, 'TO00002', 85, 7, 20.00, NULL),
(1912, 'TO00003', 121, 5, 62.00, NULL),
(1913, 'TO00003', 35, 2, 189.00, NULL),
(1914, 'TO00003', 92, 8, 100.00, NULL),
(1915, 'TO00003', 62, 3, 16.00, NULL),
(1916, 'TO00003', 127, 7, 0.00, NULL),
(1917, 'TO00004', 32, 3, 234.00, NULL),
(1918, 'TO00004', 52, 9, 270.00, NULL),
(1919, 'TO00004', 80, 9, 12.00, NULL),
(1920, 'TO00004', 83, 8, 95.00, NULL),
(1921, 'TO00004', 133, 6, 0.00, NULL),
(1922, 'TO00005', 56, 7, 142.00, NULL),
(1923, 'TO00005', 45, 3, 0.00, NULL),
(1924, 'TO00005', 99, 8, 0.00, NULL),
(1925, 'TO00005', 38, 10, 17.50, NULL),
(1926, 'TO00006', 62, 3, 16.00, NULL),
(1927, 'TO00006', 81, 8, 8.00, NULL),
(1928, 'TO00007', 76, 3, 51.00, NULL),
(1929, 'TO00007', 132, 8, 0.00, NULL),
(1930, 'TO00008', 91, 4, 25.50, NULL),
(1931, 'TO00008', 112, 9, 192.00, NULL),
(1932, 'TO00009', 111, 5, 200.00, NULL),
(1933, 'TO00009', 92, 5, 100.00, NULL),
(1934, 'TO00009', 114, 8, 0.00, NULL),
(1935, 'TO00009', 131, 2, 0.00, NULL),
(1936, 'TO00010', 70, 7, 26.50, NULL),
(1937, 'TO00010', 72, 1, 37.00, NULL),
(1938, 'TO00010', 126, 5, 58.00, NULL),
(1939, 'TO00011', 38, 1, 17.50, NULL),
(1940, 'TO00011', 73, 4, 98.00, NULL),
(1941, 'TO00011', 119, 5, 58.00, NULL),
(1942, 'TO00011', 67, 5, 20.50, NULL),
(1943, 'TO00012', 130, 9, 75.00, NULL),
(1944, 'TO00012', 105, 2, 0.00, NULL),
(1945, 'TO00012', 112, 5, 192.00, NULL),
(1946, 'TO00012', 67, 2, 20.50, NULL),
(1947, 'TO00012', 92, 4, 100.00, NULL),
(1948, 'TO00013', 82, 2, 8.00, NULL),
(1949, 'TO00013', 65, 6, 29.75, NULL),
(1950, 'TO00013', 80, 9, 12.00, NULL),
(1951, 'TO00013', 133, 10, 0.00, NULL),
(1952, 'TO00014', 102, 8, 0.00, NULL),
(1953, 'TO00014', 101, 8, 0.00, NULL),
(1954, 'TO00014', 124, 1, 0.00, NULL),
(1955, 'TO00015', 75, 9, 54.00, NULL),
(1956, 'TO00015', 69, 4, 32.00, NULL),
(1957, 'TO00015', 61, 7, 599.00, NULL),
(1958, 'TO00015', 132, 9, 0.00, NULL),
(1959, 'TO00016', 82, 8, 8.00, NULL),
(1960, 'TO00016', 41, 5, 23.00, NULL),
(1961, 'TO00016', 76, 3, 51.00, NULL),
(1962, 'TO00016', 99, 10, 0.00, NULL),
(1963, 'TO00016', 62, 9, 16.00, NULL),
(1964, 'TO00017', 131, 5, 0.00, NULL),
(1965, 'TO00017', 129, 2, 0.00, NULL),
(1966, 'TO00018', 92, 7, 100.00, NULL),
(1967, 'TO00018', 31, 6, 301.00, NULL),
(1968, 'TO00018', 92, 6, 100.00, NULL),
(1969, 'TO00018', 102, 8, 0.00, NULL),
(1970, 'TO00019', 77, 8, 49.00, NULL),
(1971, 'TO00019', 106, 2, 26.00, NULL),
(1972, 'TO00019', 92, 9, 100.00, NULL),
(1973, 'TO00020', 107, 6, 0.00, NULL),
(1974, 'TO00020', 31, 7, 301.00, NULL),
(1975, 'TO00020', 98, 10, 33.00, NULL),
(1976, 'TO00021', 91, 6, 25.50, NULL),
(1977, 'TO00021', 121, 7, 62.00, NULL),
(1978, 'TO00021', 47, 4, 11.75, NULL),
(1979, 'TO00021', 126, 8, 58.00, NULL),
(1980, 'TO00022', 37, 9, 189.00, NULL),
(1981, 'TO00022', 112, 8, 192.00, NULL),
(1982, 'TO00022', 92, 7, 100.00, NULL),
(1983, 'TO00022', 109, 9, 150.00, NULL),
(1984, 'TO00023', 74, 3, 93.00, NULL),
(1985, 'TO00023', 138, 4, 0.00, NULL),
(1986, 'TO00023', 108, 6, 88.00, NULL),
(1987, 'TO00024', 83, 4, 95.00, NULL),
(1988, 'TO00024', 134, 4, 0.00, NULL),
(1989, 'TO00024', 127, 4, 0.00, NULL),
(1990, 'TO00024', 83, 3, 95.00, NULL),
(1991, 'TO00024', 105, 6, 0.00, NULL),
(1992, 'TO00025', 71, 5, 25.00, NULL),
(1993, 'TO00025', 92, 9, 100.00, NULL),
(1994, 'TO00025', 107, 7, 0.00, NULL),
(1995, 'TO00026', 98, 1, 33.00, NULL),
(1996, 'TO00026', 76, 6, 51.00, NULL),
(1997, 'TO00027', 41, 8, 23.00, NULL),
(1998, 'TO00027', 138, 10, 0.00, NULL),
(1999, 'TO00027', 64, 7, 27.50, NULL),
(2000, 'TO00027', 51, 8, 0.00, NULL),
(2001, 'TO00028', 82, 3, 8.00, NULL),
(2002, 'TO00028', 89, 5, 21.50, NULL),
(2003, 'TO00028', 66, 10, 26.00, NULL),
(2004, 'TO00029', 68, 6, 19.00, NULL),
(2005, 'TO00030', 64, 2, 27.50, NULL),
(2006, 'TO00030', 55, 6, 55.00, NULL),
(2007, 'TO00031', 45, 2, 0.00, NULL),
(2008, 'TO00031', 59, 9, 835.00, NULL),
(2009, 'TO00031', 56, 9, 142.00, NULL),
(2010, 'TO00031', 90, 7, 23.00, NULL),
(2011, 'TO00032', 126, 3, 58.00, NULL),
(2012, 'TO00033', 63, 6, 23.00, NULL),
(2013, 'TO00034', 98, 5, 33.00, NULL),
(2014, 'TO00034', 98, 6, 33.00, NULL),
(2015, 'TO00034', 78, 8, 27.00, NULL),
(2016, 'TO00034', 124, 3, 0.00, NULL),
(2017, 'TO00035', 48, 10, 27.50, NULL),
(2018, 'TO00035', 70, 2, 26.50, NULL),
(2019, 'TO00035', 56, 8, 142.00, NULL),
(2020, 'TO00036', 131, 1, 0.00, NULL),
(2021, 'TO00036', 134, 4, 0.00, NULL),
(2022, 'TO00036', 131, 9, 0.00, NULL),
(2023, 'TO00036', 130, 4, 75.00, NULL),
(2024, 'TO00036', 122, 5, 0.00, NULL),
(2025, 'TO00037', 83, 3, 95.00, NULL),
(2026, 'TO00037', 132, 1, 0.00, NULL),
(2027, 'TO00037', 31, 7, 301.00, NULL),
(2028, 'TO00038', 113, 10, 0.00, NULL),
(2029, 'TO00038', 124, 7, 0.00, NULL),
(2030, 'TO00039', 99, 4, 0.00, NULL),
(2031, 'TO00039', 134, 9, 0.00, NULL),
(2032, 'TO00039', 71, 5, 25.00, NULL),
(2033, 'TO00039', 134, 6, 0.00, NULL),
(2034, 'TO00040', 123, 5, 70.00, NULL),
(2035, 'TO00041', 50, 2, 185.00, NULL),
(2036, 'TO00041', 61, 4, 599.00, NULL),
(2037, 'TO00041', 106, 3, 26.00, NULL),
(2038, 'TO00041', 33, 9, 649.00, NULL),
(2039, 'TO00042', 112, 4, 192.00, NULL),
(2040, 'TO00042', 32, 6, 234.00, NULL),
(2041, 'TO00042', 132, 10, 0.00, NULL),
(2042, 'TO00043', 102, 4, 0.00, NULL),
(2043, 'TO00044', 97, 5, 0.00, NULL),
(2044, 'TO00044', 84, 8, 99.00, NULL),
(2045, 'TO00044', 63, 9, 23.00, NULL),
(2046, 'TO00045', 45, 7, 0.00, NULL),
(2047, 'TO00046', 107, 1, 0.00, NULL),
(2048, 'TO00047', 114, 5, 0.00, NULL),
(2049, 'TO00047', 70, 7, 26.50, NULL),
(2050, 'TO00047', 74, 1, 93.00, NULL),
(2051, 'TO00047', 74, 7, 93.00, NULL),
(2052, 'TO00048', 85, 2, 20.00, NULL),
(2053, 'TO00048', 61, 8, 599.00, NULL),
(2054, 'TO00049', 58, 8, 617.00, NULL),
(2055, 'TO00049', 81, 1, 8.00, NULL),
(2056, 'TO00049', 99, 5, 0.00, NULL),
(2057, 'TO00049', 90, 7, 23.00, NULL),
(2058, 'TO00050', 95, 1, 0.00, NULL),
(2059, 'TO00051', 31, 4, 301.00, NULL),
(2060, 'TO00051', 109, 2, 150.00, NULL),
(2061, 'TO00052', 75, 8, 54.00, NULL),
(2062, 'TO00052', 90, 6, 23.00, NULL),
(2063, 'TO00053', 103, 7, 0.00, NULL),
(2064, 'TO00053', 111, 2, 200.00, NULL),
(2065, 'TO00053', 106, 2, 26.00, NULL),
(2066, 'TO00054', 78, 2, 27.00, NULL),
(2067, 'TO00054', 64, 4, 27.50, NULL),
(2068, 'TO00054', 96, 1, 100.00, NULL),
(2069, 'TO00054', 123, 7, 70.00, NULL),
(2070, 'TO00055', 111, 6, 200.00, NULL),
(2071, 'TO00056', 62, 7, 16.00, NULL),
(2072, 'TO00056', 83, 8, 95.00, NULL),
(2073, 'TO00057', 127, 5, 0.00, NULL),
(2074, 'TO00057', 95, 10, 0.00, NULL),
(2075, 'TO00057', 72, 1, 37.00, NULL),
(2076, 'TO00057', 75, 2, 54.00, NULL),
(2077, 'TO00058', 79, 6, 72.00, NULL),
(2078, 'TO00058', 133, 2, 0.00, NULL),
(2079, 'TO00059', 37, 1, 189.00, NULL),
(2080, 'TO00059', 36, 10, 140.00, NULL),
(2081, 'TO00059', 98, 7, 33.00, NULL),
(2082, 'TO00060', 113, 6, 0.00, NULL),
(2083, 'TO00060', 66, 10, 26.00, NULL),
(2084, 'TO00060', 58, 2, 617.00, NULL),
(2085, 'TO00060', 133, 6, 0.00, NULL),
(2086, 'TO00061', 48, 5, 27.50, NULL),
(2087, 'TO00061', 120, 2, 0.00, NULL),
(2088, 'TO00061', 116, 9, 0.00, NULL),
(2089, 'TO00061', 112, 9, 192.00, NULL),
(2090, 'TO00061', 99, 6, 0.00, NULL),
(2091, 'TO00062', 114, 3, 0.00, NULL),
(2092, 'TO00062', 69, 10, 32.00, NULL),
(2093, 'TO00062', 105, 3, 0.00, NULL),
(2094, 'TO00063', 90, 6, 23.00, NULL),
(2095, 'TO00063', 97, 5, 0.00, NULL),
(2096, 'TO00064', 51, 7, 0.00, NULL),
(2097, 'TO00064', 127, 7, 0.00, NULL),
(2098, 'TO00065', 83, 10, 95.00, NULL),
(2099, 'TO00065', 84, 7, 99.00, NULL),
(2100, 'TO00065', 99, 1, 0.00, NULL),
(2101, 'TO00065', 73, 6, 98.00, NULL),
(2102, 'TO00066', 66, 2, 26.00, NULL),
(2103, 'TO00067', 41, 10, 23.00, NULL),
(2104, 'TO00067', 41, 5, 23.00, NULL),
(2105, 'TO00068', 68, 9, 19.00, NULL),
(2106, 'TO00068', 41, 5, 23.00, NULL),
(2107, 'TO00068', 118, 1, 58.00, NULL),
(2108, 'TO00068', 62, 10, 16.00, NULL),
(2109, 'TO00068', 50, 4, 185.00, NULL),
(2110, 'TO00069', 50, 10, 185.00, NULL),
(2111, 'TO00069', 32, 3, 234.00, NULL),
(2112, 'TO00069', 84, 10, 99.00, NULL),
(2113, 'TO00070', 77, 5, 49.00, NULL),
(2114, 'TO00071', 61, 8, 599.00, NULL),
(2115, 'TO00071', 33, 10, 649.00, NULL),
(2116, 'TO00071', 37, 9, 189.00, NULL),
(2117, 'TO00072', 83, 2, 95.00, NULL),
(2118, 'TO00072', 48, 4, 27.50, NULL),
(2119, 'TO00072', 82, 8, 8.00, NULL),
(2120, 'TO00072', 120, 5, 0.00, NULL),
(2121, 'TO00072', 73, 1, 98.00, NULL),
(2122, 'TO00073', 32, 9, 234.00, NULL),
(2123, 'TO00074', 130, 7, 75.00, NULL),
(2124, 'TO00074', 67, 3, 20.50, NULL),
(2125, 'TO00074', 57, 9, 185.00, NULL),
(2126, 'TO00074', 63, 10, 23.00, NULL),
(2127, 'TO00074', 64, 10, 27.50, NULL),
(2128, 'TO00075', 38, 1, 17.50, NULL),
(2129, 'TO00075', 64, 1, 27.50, NULL),
(2130, 'TO00075', 55, 3, 55.00, NULL),
(2131, 'TO00076', 33, 6, 649.00, NULL),
(2132, 'TO00076', 126, 3, 58.00, NULL),
(2133, 'TO00076', 65, 10, 29.75, NULL),
(2134, 'TO00076', 61, 2, 599.00, NULL),
(2135, 'TO00077', 65, 9, 29.75, NULL),
(2136, 'TO00077', 121, 1, 62.00, NULL),
(2137, 'TO00077', 115, 2, 58.00, NULL),
(2138, 'TO00077', 72, 3, 37.00, NULL),
(2139, 'TO00078', 97, 6, 0.00, NULL),
(2140, 'TO00079', 82, 10, 8.00, NULL),
(2141, 'TO00079', 76, 10, 51.00, NULL),
(2142, 'TO00079', 36, 6, 140.00, NULL),
(2143, 'TO00079', 85, 1, 20.00, NULL),
(2144, 'TO00079', 90, 10, 23.00, NULL),
(2145, 'TO00080', 92, 6, 100.00, NULL),
(2146, 'TO00080', 75, 7, 54.00, NULL),
(2147, 'TO00080', 59, 4, 835.00, NULL),
(2148, 'TO00080', 67, 6, 20.50, NULL),
(2149, 'TO00080', 104, 7, 0.00, NULL),
(2150, 'TO00081', 125, 6, 58.00, NULL),
(2151, 'TO00081', 91, 3, 25.50, NULL),
(2152, 'TO00081', 128, 3, 67.00, NULL),
(2153, 'TO00081', 68, 6, 19.00, NULL),
(2154, 'TO00081', 121, 7, 62.00, NULL),
(2155, 'TO00082', 64, 4, 27.50, NULL),
(2156, 'TO00082', 97, 5, 0.00, NULL),
(2157, 'TO00083', 100, 8, 0.00, NULL),
(2158, 'TO00083', 106, 6, 26.00, NULL),
(2159, 'TO00083', 125, 6, 58.00, NULL),
(2160, 'TO00083', 99, 2, 0.00, NULL),
(2161, 'TO00084', 112, 7, 192.00, NULL),
(2162, 'TO00084', 56, 4, 142.00, NULL),
(2163, 'TO00084', 113, 5, 0.00, NULL),
(2164, 'TO00085', 133, 9, 0.00, NULL),
(2165, 'TO00086', 102, 7, 0.00, NULL),
(2166, 'TO00087', 101, 1, 0.00, NULL),
(2167, 'TO00087', 79, 7, 72.00, NULL),
(2168, 'TO00087', 124, 6, 0.00, NULL),
(2169, 'TO00087', 75, 6, 54.00, NULL),
(2170, 'TO00087', 82, 5, 8.00, NULL),
(2171, 'TO00088', 59, 9, 835.00, NULL),
(2172, 'TO00089', 34, 8, 141.00, NULL),
(2173, 'TO00089', 123, 6, 70.00, NULL),
(2174, 'TO00089', 47, 10, 11.75, NULL),
(2175, 'TO00089', 126, 5, 58.00, NULL),
(2176, 'TO00090', 90, 8, 23.00, NULL),
(2177, 'TO00090', 126, 2, 58.00, NULL),
(2178, 'TO00090', 81, 5, 8.00, NULL),
(2179, 'TO00090', 102, 8, 0.00, NULL),
(2180, 'TO00091', 92, 2, 100.00, NULL),
(2181, 'TO00091', 52, 3, 270.00, NULL),
(2182, 'TO00091', 37, 7, 189.00, NULL),
(2183, 'TO00091', 129, 7, 0.00, NULL),
(2184, 'TO00091', 37, 4, 189.00, NULL),
(2185, 'TO00092', 73, 9, 98.00, NULL),
(2186, 'TO00092', 75, 5, 54.00, NULL),
(2187, 'TO00093', 45, 6, 0.00, NULL),
(2188, 'TO00093', 77, 8, 49.00, NULL),
(2189, 'TO00094', 119, 7, 58.00, NULL),
(2190, 'TO00094', 79, 5, 72.00, NULL),
(2191, 'TO00094', 65, 8, 29.75, NULL),
(2192, 'TO00094', 41, 4, 23.00, NULL),
(2193, 'TO00094', 72, 10, 37.00, NULL),
(2194, 'TO00095', 117, 2, 58.00, NULL),
(2195, 'TO00095', 85, 7, 20.00, NULL),
(2196, 'TO00096', 117, 10, 58.00, NULL),
(2197, 'TO00096', 59, 5, 835.00, NULL),
(2198, 'TO00096', 56, 4, 142.00, NULL),
(2199, 'TO00096', 56, 10, 142.00, NULL),
(2200, 'TO00096', 115, 8, 58.00, NULL),
(2201, 'TO00097', 72, 6, 37.00, NULL),
(2202, 'TO00097', 89, 9, 21.50, NULL),
(2203, 'TO00098', 126, 10, 58.00, NULL),
(2204, 'TO00098', 110, 5, 207.00, NULL),
(2205, 'TO00098', 52, 6, 270.00, NULL),
(2206, 'TO00098', 101, 10, 0.00, NULL),
(2207, 'TO00099', 131, 10, 0.00, NULL),
(2208, 'TO00099', 78, 1, 27.00, NULL),
(2209, 'TO00100', 53, 5, 55.00, NULL),
(2210, 'FC0001', 32, 2, 248.04, NULL),
(2211, 'FC0001', 33, 6, 687.94, NULL),
(2212, 'FC0001', 32, 6, 248.04, NULL),
(2213, 'FC0001', 34, 2, 149.46, NULL),
(2214, 'FC0001', 32, 6, 248.04, NULL),
(2215, 'FC0001', 32, 4, 248.04, NULL),
(2216, 'FC0001', 32, 6, 248.04, NULL),
(2217, 'FC0001', 33, 5, 687.94, NULL),
(2218, 'FC0001', 34, 4, 149.46, NULL),
(2219, 'FC0001', 34, 8, 149.46, NULL),
(2220, 'FC0002', 32, 3, 238.68, NULL),
(2221, 'FC0002', 32, 1, 238.68, NULL),
(2222, 'FC0002', 32, 2, 238.68, NULL),
(2223, 'FC0002', 35, 7, 192.78, NULL),
(2224, 'FC0002', 32, 3, 238.68, NULL),
(2225, 'FC0002', 32, 2, 238.68, NULL),
(2226, 'FC0002', 32, 1, 238.68, NULL),
(2227, 'FC0002', 33, 7, 661.98, NULL),
(2228, 'FC0002', 33, 3, 661.98, NULL),
(2229, 'FC0002', 34, 11, 143.82, NULL),
(2230, 'FC0002', 34, 2, 143.82, NULL),
(2231, 'FC0002', 58, 4, 629.34, NULL),
(2232, 'FC0002', 32, 2, 238.68, NULL),
(2233, 'FC0002', 33, 3, 661.98, NULL),
(2234, 'FC0003', 34, 6, 156.51, NULL),
(2235, 'FC0003', 33, 5, 720.39, NULL),
(2236, 'FC0003', 32, 2, 259.74, NULL),
(2237, 'FC0003', 33, 8, 720.39, NULL),
(2238, 'FC0003', 34, 8, 156.51, NULL),
(2239, 'FC0003', 35, 14, 209.79, NULL),
(2240, 'FC0003', 58, 3, 684.87, NULL),
(2241, 'FC0003', 33, 8, 720.39, NULL),
(2242, 'FC0003', 33, 6, 720.39, NULL),
(2243, 'FC0003', 34, 6, 156.51, NULL),
(2244, 'FC0003', 33, 7, 720.39, NULL),
(2245, 'FC0003', 33, 2, 720.39, NULL),
(2246, 'FC0003', 32, 3, 259.74, NULL),
(2247, 'FC0003', 32, 7, 259.74, NULL),
(2248, 'FC0003', 32, 3, 259.74, NULL),
(2249, 'FC0004', 34, 11, 155.10, NULL),
(2250, 'FC0004', 32, 4, 257.40, NULL),
(2251, 'FC0004', 34, 7, 155.10, NULL),
(2252, 'FC0004', 33, 4, 713.90, NULL),
(2253, 'FC0004', 32, 5, 257.40, NULL),
(2254, 'FC0004', 34, 7, 155.10, NULL),
(2255, 'FC0004', 32, 4, 257.40, NULL),
(2256, 'FC0004', 34, 14, 155.10, NULL),
(2257, 'FC0004', 34, 4, 155.10, NULL),
(2258, 'FC0005', 35, 4, 209.79, NULL),
(2259, 'FC0005', 32, 6, 259.74, NULL),
(2260, 'FC0005', 32, 4, 259.74, NULL),
(2261, 'FC0005', 32, 6, 259.74, NULL),
(2262, 'FC0005', 32, 2, 259.74, NULL),
(2263, 'FC0005', 33, 6, 720.39, NULL),
(2264, 'FC0005', 33, 2, 720.39, NULL),
(2265, 'FC0005', 34, 4, 156.51, NULL),
(2266, 'FC0005', 33, 3, 720.39, NULL),
(2267, 'FC0006', 33, 4, 720.39, NULL),
(2268, 'FC0006', 33, 3, 720.39, NULL),
(2269, 'FC0006', 33, 4, 720.39, NULL),
(2270, 'FC0006', 32, 6, 259.74, NULL),
(2271, 'FC0006', 33, 3, 720.39, NULL),
(2272, 'FC0006', 33, 3, 720.39, NULL),
(2273, 'FC0006', 32, 5, 259.74, NULL),
(2274, 'FC0006', 33, 3, 720.39, NULL),
(2275, 'FC0006', 34, 6, 156.51, NULL),
(2276, 'FC0006', 61, 4, 664.89, NULL),
(2277, 'FC0006', 33, 2, 720.39, NULL),
(2278, 'FC0006', 32, 5, 259.74, NULL),
(2279, 'FC0006', 35, 10, 209.79, NULL),
(2280, 'FC0006', 33, 2, 720.39, NULL),
(2281, 'FC0007', 34, 9, 152.28, NULL),
(2282, 'FC0007', 33, 2, 700.92, NULL),
(2283, 'FC0007', 58, 3, 666.36, NULL),
(2284, 'FC0007', 33, 6, 700.92, NULL),
(2285, 'FC0007', 33, 5, 700.92, NULL),
(2286, 'FC0007', 33, 2, 700.92, NULL),
(2287, 'FC0007', 32, 5, 252.72, NULL),
(2288, 'FC0007', 34, 8, 152.28, NULL),
(2289, 'FC0007', 34, 10, 152.28, NULL),
(2290, 'FC0007', 61, 3, 646.92, NULL),
(2291, 'FC0007', 58, 1, 666.36, NULL),
(2292, 'FC0007', 33, 1, 700.92, NULL),
(2293, 'FC0007', 33, 3, 700.92, NULL),
(2294, 'FC0007', 33, 2, 700.92, NULL),
(2295, 'FC0007', 32, 3, 252.72, NULL),
(2296, 'FC0008', 34, 9, 155.10, NULL),
(2297, 'FC0008', 32, 3, 257.40, NULL),
(2298, 'FC0008', 32, 5, 257.40, NULL),
(2299, 'FC0008', 32, 4, 257.40, NULL),
(2300, 'FC0008', 34, 3, 155.10, NULL),
(2301, 'FC0008', 32, 4, 257.40, NULL),
(2302, 'FC0008', 32, 3, 257.40, NULL),
(2303, 'FC0008', 33, 4, 713.90, NULL),
(2304, 'FC0008', 33, 3, 713.90, NULL),
(2305, 'FC0008', 32, 5, 257.40, NULL),
(2306, 'FC0008', 33, 1, 713.90, NULL),
(2307, 'FC0008', 33, 2, 713.90, NULL),
(2308, 'FC0009', 35, 9, 207.90, NULL),
(2309, 'FC0009', 32, 8, 257.40, NULL),
(2310, 'FC0009', 35, 6, 207.90, NULL),
(2311, 'FC0009', 35, 8, 207.90, NULL),
(2312, 'FC0009', 61, 1, 658.90, NULL),
(2313, 'FC0009', 33, 6, 713.90, NULL),
(2314, 'FC0009', 35, 15, 207.90, NULL),
(2315, 'FC0009', 32, 8, 257.40, NULL),
(2316, 'FC0009', 32, 9, 257.40, NULL),
(2317, 'FC0009', 33, 8, 713.90, NULL),
(2318, 'FC0009', 32, 1, 257.40, NULL),
(2319, 'FC0009', 34, 11, 155.10, NULL),
(2320, 'FC0009', 33, 8, 713.90, NULL),
(2321, 'FC0009', 35, 9, 207.90, NULL),
(2322, 'FC0009', 33, 6, 713.90, NULL),
(2323, 'FC0010', 33, 2, 674.96, NULL),
(2324, 'FC0010', 32, 3, 243.36, NULL),
(2325, 'FC0010', 32, 2, 243.36, NULL),
(2326, 'FC0010', 33, 3, 674.96, NULL),
(2327, 'FC0010', 33, 3, 674.96, NULL),
(2328, 'FC0010', 33, 4, 674.96, NULL),
(2329, 'FC0010', 35, 6, 196.56, NULL),
(2330, 'FC0010', 32, 1, 243.36, NULL),
(2331, 'FC0010', 34, 7, 146.64, NULL),
(2332, 'FC0010', 34, 3, 146.64, NULL),
(2333, 'FC0010', 33, 3, 674.96, NULL),
(2334, 'FC0010', 33, 5, 674.96, NULL),
(2335, 'FC0011', 33, 5, 649.00, NULL),
(2336, 'FC0011', 32, 7, 234.00, NULL),
(2337, 'FC0011', 32, 5, 234.00, NULL),
(2338, 'FC0011', 34, 1, 141.00, NULL),
(2339, 'FC0011', 32, 4, 234.00, NULL),
(2340, 'FC0011', 58, 3, 617.00, NULL),
(2341, 'FC0011', 33, 5, 649.00, NULL),
(2342, 'FC0011', 32, 7, 234.00, NULL),
(2343, 'FC0011', 35, 11, 189.00, NULL),
(2344, 'FC0011', 32, 2, 234.00, NULL),
(2345, 'FC0011', 32, 5, 234.00, NULL),
(2346, 'FC0012', 35, 5, 209.79, NULL),
(2347, 'FC0012', 34, 9, 156.51, NULL),
(2348, 'FC0012', 33, 3, 720.39, NULL),
(2349, 'FC0012', 33, 5, 720.39, NULL),
(2350, 'FC0012', 34, 7, 156.51, NULL),
(2351, 'FC0012', 33, 7, 720.39, NULL),
(2352, 'FC0012', 32, 6, 259.74, NULL),
(2353, 'FC0012', 58, 2, 684.87, NULL),
(2354, 'FC0012', 33, 8, 720.39, NULL),
(2355, 'FC0012', 35, 8, 209.79, NULL),
(2356, 'FC0012', 58, 4, 684.87, NULL),
(2357, 'FC0012', 32, 4, 259.74, NULL),
(2358, 'FC0013', 33, 5, 674.96, NULL),
(2359, 'FC0013', 33, 3, 674.96, NULL),
(2360, 'FC0013', 34, 10, 146.64, NULL),
(2361, 'FC0013', 34, 8, 146.64, NULL),
(2362, 'FC0013', 35, 6, 196.56, NULL),
(2363, 'FC0013', 32, 4, 243.36, NULL),
(2364, 'FC0013', 32, 2, 243.36, NULL),
(2365, 'FC0013', 34, 1, 146.64, NULL),
(2366, 'FC0013', 32, 4, 243.36, NULL),
(2367, 'FC0014', 34, 11, 152.28, NULL),
(2368, 'FC0014', 58, 3, 666.36, NULL),
(2369, 'FC0014', 33, 2, 700.92, NULL),
(2370, 'FC0014', 33, 4, 700.92, NULL),
(2371, 'FC0014', 34, 9, 152.28, NULL),
(2372, 'FC0014', 33, 3, 700.92, NULL),
(2373, 'FC0014', 32, 1, 252.72, NULL),
(2374, 'FC0014', 33, 3, 700.92, NULL),
(2375, 'FC0014', 35, 1, 204.12, NULL),
(2376, 'FC0015', 33, 4, 649.00, NULL),
(2377, 'FC0015', 32, 5, 234.00, NULL),
(2378, 'FC0015', 35, 11, 189.00, NULL),
(2379, 'FC0015', 33, 6, 649.00, NULL),
(2380, 'FC0015', 33, 4, 649.00, NULL),
(2381, 'FC0015', 33, 3, 649.00, NULL),
(2382, 'FC0015', 34, 7, 141.00, NULL),
(2383, 'FC0015', 32, 4, 234.00, NULL),
(2384, 'FC0016', 32, 8, 259.74, NULL),
(2385, 'FC0016', 32, 5, 259.74, NULL),
(2386, 'FC0016', 33, 5, 720.39, NULL),
(2387, 'FC0016', 32, 6, 259.74, NULL),
(2388, 'FC0016', 32, 3, 259.74, NULL),
(2389, 'FC0016', 33, 7, 720.39, NULL),
(2390, 'FC0016', 32, 6, 259.74, NULL),
(2391, 'FC0016', 32, 7, 259.74, NULL),
(2392, 'FC0016', 33, 7, 720.39, NULL),
(2393, 'FC0016', 33, 2, 720.39, NULL),
(2394, 'FC0016', 34, 10, 156.51, NULL),
(2395, 'FC0016', 33, 5, 720.39, NULL),
(2396, 'FC0016', 34, 4, 156.51, NULL),
(2397, 'FC0016', 33, 6, 720.39, NULL),
(2398, 'FC0016', 34, 2, 156.51, NULL),
(2399, 'FC0017', 32, 2, 238.68, NULL),
(2400, 'FC0017', 33, 4, 661.98, NULL),
(2401, 'FC0017', 32, 3, 238.68, NULL),
(2402, 'FC0017', 35, 9, 192.78, NULL),
(2403, 'FC0017', 34, 5, 143.82, NULL),
(2404, 'FC0017', 35, 12, 192.78, NULL),
(2405, 'FC0017', 34, 9, 143.82, NULL),
(2406, 'FC0017', 34, 4, 143.82, NULL),
(2407, 'FC0017', 32, 5, 238.68, NULL),
(2408, 'FC0017', 32, 1, 238.68, NULL),
(2409, 'FC0017', 34, 9, 143.82, NULL),
(2410, 'FC0017', 34, 1, 143.82, NULL),
(2411, 'FC0017', 33, 7, 661.98, NULL),
(2412, 'FC0017', 33, 5, 661.98, NULL),
(2413, 'FC0017', 32, 6, 238.68, NULL),
(2414, 'FC0018', 35, 2, 207.90, NULL),
(2415, 'FC0018', 34, 11, 155.10, NULL),
(2416, 'FC0018', 32, 5, 257.40, NULL),
(2417, 'FC0018', 33, 4, 713.90, NULL),
(2418, 'FC0018', 33, 1, 713.90, NULL),
(2419, 'FC0018', 32, 1, 257.40, NULL),
(2420, 'FC0018', 35, 5, 207.90, NULL),
(2421, 'FC0018', 33, 4, 713.90, NULL),
(2422, 'FC0018', 33, 2, 713.90, NULL),
(2423, 'FC0018', 33, 3, 713.90, NULL),
(2424, 'FC0018', 34, 11, 155.10, NULL),
(2425, 'FC0018', 32, 2, 257.40, NULL),
(2426, 'FC0018', 34, 7, 155.10, NULL),
(2427, 'FC0019', 34, 14, 150.87, NULL),
(2428, 'FC0019', 33, 7, 694.43, NULL),
(2429, 'FC0019', 32, 2, 250.38, NULL),
(2430, 'FC0019', 34, 10, 150.87, NULL),
(2431, 'FC0019', 32, 3, 250.38, NULL),
(2432, 'FC0019', 32, 2, 250.38, NULL),
(2433, 'FC0019', 35, 16, 202.23, NULL),
(2434, 'FC0019', 32, 2, 250.38, NULL),
(2435, 'FC0019', 33, 5, 694.43, NULL),
(2436, 'FC0019', 34, 3, 150.87, NULL),
(2437, 'FC0019', 32, 4, 250.38, NULL),
(2438, 'FC0020', 33, 2, 681.45, NULL),
(2439, 'FC0020', 32, 4, 245.70, NULL),
(2440, 'FC0020', 34, 1, 148.05, NULL),
(2441, 'FC0020', 34, 5, 148.05, NULL),
(2442, 'FC0020', 33, 6, 681.45, NULL),
(2443, 'FC0020', 32, 1, 245.70, NULL),
(2444, 'FC0020', 32, 4, 245.70, NULL),
(2445, 'FC0020', 34, 9, 148.05, NULL),
(2446, 'FC0021', 34, 4, 145.23, NULL),
(2447, 'FC0021', 33, 2, 668.47, NULL),
(2448, 'FC0021', 58, 4, 635.51, NULL),
(2449, 'FC0021', 33, 6, 668.47, NULL),
(2450, 'FC0021', 33, 4, 668.47, NULL),
(2451, 'FC0021', 32, 4, 241.02, NULL),
(2452, 'FC0021', 34, 9, 145.23, NULL),
(2453, 'FC0021', 32, 7, 241.02, NULL),
(2454, 'FC0021', 32, 2, 241.02, NULL),
(2455, 'FC0021', 33, 3, 668.47, NULL),
(2456, 'FC0021', 34, 11, 145.23, NULL),
(2457, 'FC0021', 33, 3, 668.47, NULL),
(2458, 'FC0022', 34, 8, 156.51, NULL),
(2459, 'FC0022', 33, 3, 720.39, NULL),
(2460, 'FC0022', 32, 4, 259.74, NULL),
(2461, 'FC0022', 34, 2, 156.51, NULL),
(2462, 'FC0022', 58, 1, 684.87, NULL),
(2463, 'FC0022', 33, 5, 720.39, NULL),
(2464, 'FC0022', 34, 4, 156.51, NULL),
(2465, 'FC0022', 32, 2, 259.74, NULL),
(2466, 'FC0022', 34, 7, 156.51, NULL),
(2467, 'FC0022', 32, 5, 259.74, NULL),
(2468, 'FC0022', 33, 3, 720.39, NULL),
(2469, 'FC0022', 34, 8, 156.51, NULL),
(2470, 'FC0022', 61, 2, 664.89, NULL),
(2471, 'FC0022', 32, 6, 259.74, NULL),
(2472, 'FC0022', 32, 2, 259.74, NULL),
(2473, 'FC0023', 32, 5, 259.74, NULL),
(2474, 'FC0023', 35, 5, 209.79, NULL),
(2475, 'FC0023', 32, 2, 259.74, NULL),
(2476, 'FC0023', 32, 6, 259.74, NULL),
(2477, 'FC0023', 35, 8, 209.79, NULL),
(2478, 'FC0023', 32, 7, 259.74, NULL),
(2479, 'FC0023', 33, 8, 720.39, NULL),
(2480, 'FC0023', 34, 10, 156.51, NULL),
(2481, 'FC0023', 32, 5, 259.74, NULL),
(2482, 'FC0023', 32, 7, 259.74, NULL),
(2483, 'FC0023', 58, 1, 684.87, NULL),
(2484, 'FC0024', 33, 4, 720.39, NULL),
(2485, 'FC0024', 32, 8, 259.74, NULL),
(2486, 'FC0024', 32, 4, 259.74, NULL),
(2487, 'FC0024', 32, 8, 259.74, NULL),
(2488, 'FC0024', 33, 8, 720.39, NULL),
(2489, 'FC0024', 33, 4, 720.39, NULL),
(2490, 'FC0024', 34, 15, 156.51, NULL),
(2491, 'FC0024', 58, 1, 684.87, NULL),
(2492, 'FC0024', 33, 2, 720.39, NULL),
(2493, 'FC0025', 33, 5, 707.41, NULL),
(2494, 'FC0025', 32, 4, 255.06, NULL),
(2495, 'FC0025', 34, 2, 153.69, NULL),
(2496, 'FC0025', 58, 3, 672.53, NULL),
(2497, 'FC0025', 32, 1, 255.06, NULL),
(2498, 'FC0025', 34, 6, 153.69, NULL),
(2499, 'FC0025', 33, 2, 707.41, NULL),
(2500, 'FC0025', 35, 12, 206.01, NULL),
(2501, 'FC0026', 33, 6, 713.90, NULL),
(2502, 'FC0026', 33, 8, 713.90, NULL),
(2503, 'FC0026', 33, 8, 713.90, NULL),
(2504, 'FC0026', 32, 4, 257.40, NULL),
(2505, 'FC0026', 32, 2, 257.40, NULL),
(2506, 'FC0026', 33, 4, 713.90, NULL),
(2507, 'FC0026', 32, 2, 257.40, NULL),
(2508, 'FC0026', 33, 4, 713.90, NULL),
(2509, 'FC0026', 33, 1, 713.90, NULL),
(2510, 'FC0026', 34, 16, 155.10, NULL),
(2511, 'FC0026', 32, 2, 257.40, NULL),
(2512, 'FC0027', 35, 2, 200.34, NULL),
(2513, 'FC0027', 32, 4, 248.04, NULL),
(2514, 'FC0027', 33, 4, 687.94, NULL),
(2515, 'FC0027', 33, 1, 687.94, NULL),
(2516, 'FC0027', 33, 1, 687.94, NULL),
(2517, 'FC0027', 34, 9, 149.46, NULL),
(2518, 'FC0027', 33, 1, 687.94, NULL),
(2519, 'FC0027', 34, 3, 149.46, NULL),
(2520, 'FC0027', 33, 4, 687.94, NULL),
(2521, 'FC0027', 33, 1, 687.94, NULL),
(2522, 'FC0027', 34, 8, 149.46, NULL),
(2523, 'FC0027', 34, 5, 149.46, NULL),
(2524, 'FC0028', 32, 7, 238.68, NULL),
(2525, 'FC0028', 35, 8, 192.78, NULL),
(2526, 'FC0028', 33, 4, 661.98, NULL),
(2527, 'FC0028', 34, 4, 143.82, NULL),
(2528, 'FC0028', 33, 1, 661.98, NULL),
(2529, 'FC0028', 33, 7, 661.98, NULL),
(2530, 'FC0028', 33, 2, 661.98, NULL),
(2531, 'FC0028', 32, 7, 238.68, NULL),
(2532, 'FC0028', 34, 4, 143.82, NULL),
(2533, 'FC0028', 32, 1, 238.68, NULL),
(2534, 'FC0028', 33, 1, 661.98, NULL),
(2535, 'FC0028', 33, 7, 661.98, NULL),
(2536, 'FC0029', 32, 1, 245.70, NULL),
(2537, 'FC0029', 33, 7, 681.45, NULL),
(2538, 'FC0029', 33, 4, 681.45, NULL),
(2539, 'FC0029', 33, 1, 681.45, NULL),
(2540, 'FC0029', 33, 9, 681.45, NULL),
(2541, 'FC0029', 35, 14, 198.45, NULL),
(2542, 'FC0029', 32, 5, 245.70, NULL),
(2543, 'FC0029', 32, 8, 245.70, NULL),
(2544, 'FC0030', 32, 4, 236.34, NULL),
(2545, 'FC0030', 33, 2, 655.49, NULL),
(2546, 'FC0030', 34, 8, 142.41, NULL),
(2547, 'FC0030', 58, 4, 623.17, NULL),
(2548, 'FC0030', 32, 2, 236.34, NULL),
(2549, 'FC0030', 34, 8, 142.41, NULL),
(2550, 'FC0030', 33, 1, 655.49, NULL),
(2551, 'FC0030', 32, 7, 236.34, NULL),
(2552, 'FC0030', 33, 2, 655.49, NULL),
(2553, 'FC0030', 34, 5, 142.41, NULL),
(2554, 'FC0030', 61, 5, 604.99, NULL),
(2555, 'FC0030', 33, 3, 655.49, NULL),
(2556, 'FC0030', 33, 3, 655.49, NULL),
(2557, 'FC0031', 33, 2, 661.98, NULL),
(2558, 'FC0031', 33, 4, 661.98, NULL),
(2559, 'FC0031', 35, 14, 192.78, NULL),
(2560, 'FC0031', 33, 3, 661.98, NULL),
(2561, 'FC0031', 33, 5, 661.98, NULL),
(2562, 'FC0031', 33, 7, 661.98, NULL),
(2563, 'FC0031', 32, 1, 238.68, NULL),
(2564, 'FC0031', 58, 3, 629.34, NULL),
(2565, 'FC0031', 33, 4, 661.98, NULL),
(2566, 'FC0031', 34, 12, 143.82, NULL),
(2567, 'FC0031', 34, 5, 143.82, NULL),
(2568, 'FC0031', 35, 4, 192.78, NULL),
(2569, 'FC0032', 32, 6, 255.06, NULL),
(2570, 'FC0032', 34, 6, 153.69, NULL),
(2571, 'FC0032', 32, 3, 255.06, NULL),
(2572, 'FC0032', 34, 5, 153.69, NULL),
(2573, 'FC0032', 35, 3, 206.01, NULL),
(2574, 'FC0032', 32, 3, 255.06, NULL),
(2575, 'FC0032', 33, 4, 707.41, NULL),
(2576, 'FC0032', 33, 1, 707.41, NULL),
(2577, 'FC0032', 33, 5, 707.41, NULL),
(2578, 'FC0032', 34, 10, 153.69, NULL),
(2579, 'FC0032', 33, 2, 707.41, NULL),
(2580, 'FC0032', 33, 4, 707.41, NULL),
(2581, 'FC0032', 33, 5, 707.41, NULL),
(2582, 'FC0032', 33, 5, 707.41, NULL),
(2583, 'FC0032', 32, 3, 255.06, NULL),
(2584, 'FC0033', 33, 2, 707.41, NULL),
(2585, 'FC0033', 34, 4, 153.69, NULL),
(2586, 'FC0033', 34, 7, 153.69, NULL),
(2587, 'FC0033', 34, 1, 153.69, NULL),
(2588, 'FC0033', 33, 1, 707.41, NULL),
(2589, 'FC0033', 34, 11, 153.69, NULL),
(2590, 'FC0033', 33, 3, 707.41, NULL),
(2591, 'FC0033', 32, 5, 255.06, NULL),
(2592, 'FC0033', 32, 3, 255.06, NULL),
(2593, 'FC0033', 33, 5, 707.41, NULL),
(2594, 'FC0034', 32, 7, 241.02, NULL),
(2595, 'FC0034', 33, 4, 668.47, NULL),
(2596, 'FC0034', 33, 7, 668.47, NULL),
(2597, 'FC0034', 33, 5, 668.47, NULL),
(2598, 'FC0034', 61, 4, 616.97, NULL),
(2599, 'FC0034', 32, 2, 241.02, NULL),
(2600, 'FC0034', 33, 5, 668.47, NULL),
(2601, 'FC0034', 32, 4, 241.02, NULL),
(2602, 'FC0034', 33, 5, 668.47, NULL),
(2603, 'FC0034', 34, 17, 145.23, NULL),
(2604, 'FC0034', 32, 8, 241.02, NULL),
(2605, 'FC0034', 32, 9, 241.02, NULL),
(2606, 'FC0034', 34, 2, 145.23, NULL),
(2607, 'FC0034', 33, 2, 668.47, NULL),
(2608, 'FC0035', 35, 8, 194.67, NULL),
(2609, 'FC0035', 33, 4, 668.47, NULL),
(2610, 'FC0035', 34, 9, 145.23, NULL),
(2611, 'FC0035', 33, 7, 668.47, NULL),
(2612, 'FC0035', 32, 4, 241.02, NULL),
(2613, 'FC0035', 33, 2, 668.47, NULL),
(2614, 'FC0035', 32, 1, 241.02, NULL),
(2615, 'FC0035', 32, 8, 241.02, NULL),
(2616, 'FC0035', 33, 8, 668.47, NULL),
(2617, 'FC0035', 34, 6, 145.23, NULL),
(2618, 'FC0035', 34, 9, 145.23, NULL),
(2619, 'FC0035', 33, 1, 668.47, NULL),
(2620, 'FC0035', 33, 8, 668.47, NULL),
(2621, 'FC0035', 34, 5, 145.23, NULL),
(2622, 'FC0035', 33, 7, 668.47, NULL),
(2623, 'FC0036', 33, 4, 694.43, NULL),
(2624, 'FC0036', 35, 11, 202.23, NULL),
(2625, 'FC0036', 32, 8, 250.38, NULL),
(2626, 'FC0036', 33, 1, 694.43, NULL),
(2627, 'FC0036', 33, 7, 694.43, NULL),
(2628, 'FC0036', 33, 5, 694.43, NULL),
(2629, 'FC0036', 34, 2, 150.87, NULL),
(2630, 'FC0036', 32, 6, 250.38, NULL),
(2631, 'FC0036', 33, 5, 694.43, NULL),
(2632, 'FC0036', 33, 9, 694.43, NULL),
(2633, 'FC0037', 33, 6, 681.45, NULL),
(2634, 'FC0037', 33, 6, 681.45, NULL),
(2635, 'FC0037', 34, 17, 148.05, NULL),
(2636, 'FC0037', 32, 1, 245.70, NULL),
(2637, 'FC0037', 35, 1, 198.45, NULL),
(2638, 'FC0037', 32, 7, 245.70, NULL),
(2639, 'FC0037', 32, 7, 245.70, NULL),
(2640, 'FC0037', 33, 2, 681.45, NULL),
(2641, 'FC0037', 32, 2, 245.70, NULL),
(2642, 'FC0037', 32, 7, 245.70, NULL),
(2643, 'FC0037', 34, 17, 148.05, NULL),
(2644, 'FC0037', 32, 6, 245.70, NULL),
(2645, 'FC0037', 33, 8, 681.45, NULL),
(2646, 'FC0037', 33, 5, 681.45, NULL),
(2647, 'FC0037', 34, 15, 148.05, NULL),
(2648, 'FC0038', 33, 2, 700.92, NULL),
(2649, 'FC0038', 33, 1, 700.92, NULL),
(2650, 'FC0038', 33, 5, 700.92, NULL),
(2651, 'FC0038', 33, 2, 700.92, NULL),
(2652, 'FC0038', 32, 3, 252.72, NULL),
(2653, 'FC0038', 33, 5, 700.92, NULL),
(2654, 'FC0038', 33, 5, 700.92, NULL),
(2655, 'FC0038', 34, 12, 152.28, NULL),
(2656, 'FC0038', 32, 3, 252.72, NULL),
(2657, 'FC0038', 34, 2, 152.28, NULL),
(2658, 'FC0038', 34, 11, 152.28, NULL),
(2659, 'FC0038', 33, 4, 700.92, NULL),
(2660, 'FC0038', 33, 2, 700.92, NULL),
(2661, 'FC0038', 33, 2, 700.92, NULL),
(2662, 'FC0039', 33, 2, 720.39, NULL),
(2663, 'FC0039', 33, 7, 720.39, NULL),
(2664, 'FC0039', 33, 1, 720.39, NULL),
(2665, 'FC0039', 32, 6, 259.74, NULL),
(2666, 'FC0039', 32, 2, 259.74, NULL),
(2667, 'FC0039', 33, 4, 720.39, NULL),
(2668, 'FC0039', 32, 1, 259.74, NULL),
(2669, 'FC0039', 32, 4, 259.74, NULL),
(2670, 'FC0039', 32, 1, 259.74, NULL),
(2671, 'FC0039', 35, 5, 209.79, NULL),
(2672, 'FC0039', 33, 3, 720.39, NULL),
(2673, 'FC0039', 32, 2, 259.74, NULL),
(2674, 'FC0039', 32, 5, 259.74, NULL),
(2675, 'FC0040', 32, 5, 250.38, NULL),
(2676, 'FC0040', 33, 1, 694.43, NULL),
(2677, 'FC0040', 33, 4, 694.43, NULL),
(2678, 'FC0040', 34, 10, 150.87, NULL),
(2679, 'FC0040', 35, 5, 202.23, NULL),
(2680, 'FC0040', 33, 3, 694.43, NULL),
(2681, 'FC0040', 33, 1, 694.43, NULL),
(2682, 'FC0040', 33, 6, 694.43, NULL),
(2683, 'FC0040', 34, 5, 150.87, NULL),
(2684, 'FC0040', 33, 1, 694.43, NULL),
(2685, 'FC0040', 33, 6, 694.43, NULL),
(2686, 'FC0040', 32, 4, 250.38, NULL),
(2687, 'FC0040', 33, 3, 694.43, NULL),
(2688, 'FC0041', 34, 10, 150.87, NULL),
(2689, 'FC0041', 33, 5, 694.43, NULL),
(2690, 'FC0041', 61, 4, 640.93, NULL),
(2691, 'FC0041', 35, 5, 202.23, NULL),
(2692, 'FC0041', 32, 2, 250.38, NULL),
(2693, 'FC0041', 32, 4, 250.38, NULL),
(2694, 'FC0041', 32, 1, 250.38, NULL),
(2695, 'FC0041', 33, 2, 694.43, NULL),
(2696, 'FC0041', 33, 5, 694.43, NULL),
(2697, 'FC0041', 33, 6, 694.43, NULL),
(2698, 'FC0042', 35, 6, 200.34, NULL),
(2699, 'FC0042', 32, 6, 248.04, NULL),
(2700, 'FC0042', 34, 6, 149.46, NULL),
(2701, 'FC0042', 32, 2, 248.04, NULL),
(2702, 'FC0042', 35, 7, 200.34, NULL),
(2703, 'FC0042', 32, 4, 248.04, NULL),
(2704, 'FC0042', 34, 8, 149.46, NULL),
(2705, 'FC0042', 32, 2, 248.04, NULL),
(2706, 'FC0043', 32, 2, 241.02, NULL),
(2707, 'FC0043', 32, 2, 241.02, NULL),
(2708, 'FC0043', 34, 4, 145.23, NULL),
(2709, 'FC0043', 32, 9, 241.02, NULL),
(2710, 'FC0043', 58, 2, 635.51, NULL),
(2711, 'FC0043', 33, 5, 668.47, NULL),
(2712, 'FC0043', 32, 4, 241.02, NULL),
(2713, 'FC0043', 33, 9, 668.47, NULL),
(2714, 'FC0043', 33, 2, 668.47, NULL),
(2715, 'FC0043', 32, 10, 241.02, NULL),
(2716, 'FC0043', 34, 16, 145.23, NULL),
(2717, 'FC0044', 32, 4, 238.68, NULL),
(2718, 'FC0044', 33, 4, 661.98, NULL),
(2719, 'FC0044', 35, 10, 192.78, NULL),
(2720, 'FC0044', 34, 6, 143.82, NULL),
(2721, 'FC0044', 32, 6, 238.68, NULL),
(2722, 'FC0044', 58, 3, 629.34, NULL),
(2723, 'FC0044', 33, 1, 661.98, NULL),
(2724, 'FC0044', 32, 5, 238.68, NULL),
(2725, 'FC0044', 34, 4, 143.82, NULL),
(2726, 'FC0044', 33, 4, 661.98, NULL),
(2727, 'FC0044', 33, 3, 661.98, NULL),
(2728, 'FC0045', 33, 10, 655.49, NULL),
(2729, 'FC0045', 35, 15, 190.89, NULL),
(2730, 'FC0045', 34, 11, 142.41, NULL),
(2731, 'FC0045', 32, 8, 236.34, NULL),
(2732, 'FC0045', 32, 6, 236.34, NULL),
(2733, 'FC0045', 34, 14, 142.41, NULL),
(2734, 'FC0045', 33, 10, 655.49, NULL),
(2735, 'FC0045', 35, 16, 190.89, NULL),
(2736, 'FC0045', 35, 10, 190.89, NULL),
(2737, 'FC0045', 32, 9, 236.34, NULL),
(2738, 'FC0045', 32, 4, 236.34, NULL),
(2739, 'FC0046', 33, 2, 713.90, NULL),
(2740, 'FC0046', 33, 6, 713.90, NULL),
(2741, 'FC0046', 35, 8, 207.90, NULL),
(2742, 'FC0046', 33, 2, 713.90, NULL),
(2743, 'FC0046', 34, 3, 155.10, NULL),
(2744, 'FC0046', 33, 5, 713.90, NULL),
(2745, 'FC0046', 32, 6, 257.40, NULL),
(2746, 'FC0046', 33, 7, 713.90, NULL),
(2747, 'FC0047', 34, 5, 155.10, NULL),
(2748, 'FC0047', 32, 5, 257.40, NULL),
(2749, 'FC0047', 34, 12, 155.10, NULL),
(2750, 'FC0047', 33, 2, 713.90, NULL),
(2751, 'FC0047', 32, 2, 257.40, NULL),
(2752, 'FC0047', 33, 5, 713.90, NULL),
(2753, 'FC0047', 33, 4, 713.90, NULL),
(2754, 'FC0047', 34, 3, 155.10, NULL),
(2755, 'FC0047', 32, 1, 257.40, NULL),
(2756, 'FC0047', 32, 5, 257.40, NULL),
(2757, 'FC0048', 32, 6, 243.36, NULL),
(2758, 'FC0048', 58, 2, 641.68, NULL),
(2759, 'FC0048', 33, 5, 674.96, NULL),
(2760, 'FC0048', 32, 4, 243.36, NULL),
(2761, 'FC0048', 33, 6, 674.96, NULL),
(2762, 'FC0048', 32, 2, 243.36, NULL),
(2763, 'FC0048', 58, 1, 641.68, NULL),
(2764, 'FC0048', 33, 2, 674.96, NULL),
(2765, 'FC0048', 33, 4, 674.96, NULL),
(2766, 'FC0048', 34, 3, 146.64, NULL),
(2767, 'FC0048', 33, 5, 674.96, NULL),
(2768, 'FC0048', 32, 1, 243.36, NULL),
(2769, 'FC0048', 32, 1, 243.36, NULL),
(2770, 'FC0048', 32, 6, 243.36, NULL),
(2771, 'FC0049', 32, 4, 238.68, NULL),
(2772, 'FC0049', 32, 2, 238.68, NULL),
(2773, 'FC0049', 34, 6, 143.82, NULL),
(2774, 'FC0049', 34, 5, 143.82, NULL),
(2775, 'FC0049', 32, 3, 238.68, NULL),
(2776, 'FC0049', 32, 2, 238.68, NULL),
(2777, 'FC0049', 32, 6, 238.68, NULL),
(2778, 'FC0049', 58, 2, 629.34, NULL),
(2779, 'FC0049', 58, 1, 629.34, NULL),
(2780, 'FC0049', 33, 1, 661.98, NULL),
(2781, 'FC0049', 32, 2, 238.68, NULL),
(2782, 'FC0049', 34, 4, 143.82, NULL),
(2783, 'FC0049', 32, 5, 238.68, NULL),
(2784, 'FC0049', 32, 5, 238.68, NULL),
(2785, 'FC0049', 33, 3, 661.98, NULL),
(2786, 'FC0050', 58, 1, 672.53, NULL),
(2787, 'FC0050', 33, 5, 707.41, NULL),
(2788, 'FC0050', 34, 7, 153.69, NULL),
(2789, 'FC0050', 34, 9, 153.69, NULL),
(2790, 'FC0050', 34, 7, 153.69, NULL),
(2791, 'FC0050', 33, 2, 707.41, NULL),
(2792, 'FC0050', 33, 2, 707.41, NULL),
(2793, 'FC0050', 33, 3, 707.41, NULL),
(2794, 'FC0050', 33, 2, 707.41, NULL),
(2795, 'FC0050', 32, 2, 255.06, NULL),
(2796, 'FC0050', 34, 6, 153.69, NULL),
(2797, 'FC0050', 32, 4, 255.06, NULL),
(2798, 'FC0050', 34, 3, 153.69, NULL),
(2799, 'FC0050', 32, 6, 255.06, NULL),
(2800, 'FC0051', 34, 7, 146.64, NULL),
(2801, 'FC0051', 32, 5, 243.36, NULL),
(2802, 'FC0051', 33, 4, 674.96, NULL),
(2803, 'FC0051', 33, 1, 674.96, NULL),
(2804, 'FC0051', 32, 2, 243.36, NULL),
(2805, 'FC0051', 35, 1, 196.56, NULL),
(2806, 'FC0051', 32, 4, 243.36, NULL),
(2807, 'FC0051', 35, 9, 196.56, NULL),
(2808, 'FC0051', 32, 3, 243.36, NULL),
(2809, 'FC0051', 33, 2, 674.96, NULL),
(2810, 'FC0051', 33, 5, 674.96, NULL),
(2811, 'FC0051', 32, 3, 243.36, NULL),
(2812, 'FC0051', 34, 6, 146.64, NULL),
(2813, 'FC0052', 34, 9, 153.69, NULL),
(2814, 'FC0052', 35, 8, 206.01, NULL),
(2815, 'FC0052', 33, 4, 707.41, NULL),
(2816, 'FC0052', 32, 4, 255.06, NULL),
(2817, 'FC0052', 33, 5, 707.41, NULL),
(2818, 'FC0052', 32, 3, 255.06, NULL),
(2819, 'FC0052', 34, 3, 153.69, NULL),
(2820, 'FC0052', 34, 4, 153.69, NULL),
(2821, 'FC0053', 33, 8, 687.94, NULL),
(2822, 'FC0053', 33, 8, 687.94, NULL),
(2823, 'FC0053', 33, 3, 687.94, NULL),
(2824, 'FC0053', 32, 7, 248.04, NULL),
(2825, 'FC0053', 33, 4, 687.94, NULL),
(2826, 'FC0053', 32, 1, 248.04, NULL),
(2827, 'FC0053', 33, 2, 687.94, NULL),
(2828, 'FC0053', 32, 3, 248.04, NULL),
(2829, 'FC0053', 35, 14, 200.34, NULL),
(2830, 'FC0053', 32, 6, 248.04, NULL),
(2831, 'FC0053', 32, 5, 248.04, NULL),
(2832, 'FC0054', 32, 4, 236.34, NULL),
(2833, 'FC0054', 33, 1, 655.49, NULL),
(2834, 'FC0054', 33, 6, 655.49, NULL),
(2835, 'FC0054', 33, 7, 655.49, NULL),
(2836, 'FC0054', 33, 3, 655.49, NULL),
(2837, 'FC0054', 34, 12, 142.41, NULL),
(2838, 'FC0054', 32, 6, 236.34, NULL),
(2839, 'FC0054', 33, 4, 655.49, NULL),
(2840, 'FC0054', 31, 7, 304.01, NULL),
(2841, 'FC0055', 33, 6, 649.00, NULL),
(2842, 'FC0055', 58, 3, 617.00, NULL),
(2843, 'FC0055', 34, 12, 141.00, NULL),
(2844, 'FC0055', 33, 1, 649.00, NULL),
(2845, 'FC0055', 34, 5, 141.00, NULL),
(2846, 'FC0055', 33, 3, 649.00, NULL),
(2847, 'FC0055', 34, 9, 141.00, NULL),
(2848, 'FC0055', 61, 4, 599.00, NULL),
(2849, 'FC0055', 32, 6, 234.00, NULL),
(2850, 'FC0055', 35, 6, 189.00, NULL),
(2851, 'FC0055', 32, 7, 234.00, NULL),
(2852, 'FC0055', 58, 3, 617.00, NULL),
(2853, 'FC0056', 34, 1, 149.46, NULL),
(2854, 'FC0056', 34, 11, 149.46, NULL),
(2855, 'FC0056', 32, 4, 248.04, NULL),
(2856, 'FC0056', 33, 6, 687.94, NULL),
(2857, 'FC0056', 32, 3, 248.04, NULL),
(2858, 'FC0056', 33, 2, 687.94, NULL),
(2859, 'FC0056', 33, 5, 687.94, NULL),
(2860, 'FC0056', 33, 1, 687.94, NULL),
(2861, 'FC0056', 32, 4, 248.04, NULL),
(2862, 'FC0056', 33, 4, 687.94, NULL),
(2863, 'FC0056', 33, 3, 687.94, NULL),
(2864, 'FC0056', 33, 5, 687.94, NULL),
(2865, 'FC0056', 32, 1, 248.04, NULL),
(2866, 'FC0057', 32, 6, 245.70, NULL),
(2867, 'FC0057', 58, 3, 647.85, NULL),
(2868, 'FC0057', 33, 6, 681.45, NULL),
(2869, 'FC0057', 34, 10, 148.05, NULL),
(2870, 'FC0057', 58, 2, 647.85, NULL),
(2871, 'FC0057', 33, 5, 681.45, NULL),
(2872, 'FC0057', 34, 8, 148.05, NULL),
(2873, 'FC0057', 32, 3, 245.70, NULL),
(2874, 'FC0057', 33, 4, 681.45, NULL),
(2875, 'FC0057', 58, 3, 647.85, NULL),
(2876, 'FC0057', 34, 16, 148.05, NULL),
(2877, 'FC0057', 34, 12, 148.05, NULL),
(2878, 'FC0058', 33, 6, 726.88, NULL),
(2879, 'FC0058', 61, 4, 670.88, NULL),
(2880, 'FC0058', 31, 5, 337.12, NULL),
(2881, 'FC0058', 33, 2, 726.88, NULL),
(2882, 'FC0058', 34, 9, 157.92, NULL),
(2883, 'FC0058', 32, 2, 262.08, NULL),
(2884, 'FC0058', 33, 5, 726.88, NULL),
(2885, 'FC0058', 33, 4, 726.88, NULL),
(2886, 'FC0058', 32, 2, 262.08, NULL),
(2887, 'FC0058', 35, 3, 211.68, NULL),
(2888, 'FC0058', 33, 6, 726.88, NULL),
(2889, 'FC0058', 33, 1, 726.88, NULL),
(2890, 'FC0059', 33, 4, 720.39, NULL),
(2891, 'FC0059', 32, 7, 259.74, NULL),
(2892, 'FC0059', 34, 15, 156.51, NULL),
(2893, 'FC0059', 32, 2, 259.74, NULL),
(2894, 'FC0059', 33, 4, 720.39, NULL),
(2895, 'FC0059', 33, 3, 720.39, NULL),
(2896, 'FC0059', 33, 7, 720.39, NULL),
(2897, 'FC0059', 32, 9, 259.74, NULL),
(2898, 'FC0060', 35, 2, 207.90, NULL),
(2899, 'FC0060', 34, 11, 155.10, NULL),
(2900, 'FC0060', 32, 1, 257.40, NULL),
(2901, 'FC0060', 34, 10, 155.10, NULL),
(2902, 'FC0060', 33, 5, 713.90, NULL),
(2903, 'FC0060', 33, 5, 713.90, NULL),
(2904, 'FC0060', 34, 17, 155.10, NULL),
(2905, 'FC0060', 33, 5, 713.90, NULL),
(2906, 'FC0060', 33, 4, 713.90, NULL),
(2907, 'FC0060', 33, 9, 713.90, NULL),
(2908, 'FC0060', 32, 4, 257.40, NULL),
(2909, 'FC0060', 32, 7, 257.40, NULL),
(2910, 'FC0061', 32, 2, 234.00, NULL),
(2911, 'FC0061', 32, 4, 234.00, NULL),
(2912, 'FC0061', 33, 3, 649.00, NULL),
(2913, 'FC0061', 33, 5, 649.00, NULL),
(2914, 'FC0061', 33, 7, 649.00, NULL),
(2915, 'FC0061', 33, 4, 649.00, NULL),
(2916, 'FC0061', 61, 3, 599.00, NULL),
(2917, 'FC0061', 58, 2, 617.00, NULL),
(2918, 'FC0061', 34, 8, 141.00, NULL),
(2919, 'FC0061', 34, 10, 141.00, NULL),
(2920, 'FC0061', 33, 5, 649.00, NULL),
(2921, 'FC0062', 32, 4, 245.70, NULL),
(2922, 'FC0062', 32, 5, 245.70, NULL),
(2923, 'FC0062', 33, 7, 681.45, NULL),
(2924, 'FC0062', 32, 5, 245.70, NULL),
(2925, 'FC0062', 33, 2, 681.45, NULL),
(2926, 'FC0062', 34, 16, 148.05, NULL),
(2927, 'FC0062', 32, 8, 245.70, NULL),
(2928, 'FC0062', 33, 7, 681.45, NULL),
(2929, 'FC0062', 32, 2, 245.70, NULL),
(2930, 'FC0062', 32, 3, 245.70, NULL),
(2931, 'FC0063', 33, 5, 707.41, NULL),
(2932, 'FC0063', 32, 5, 255.06, NULL),
(2933, 'FC0063', 58, 3, 672.53, NULL),
(2934, 'FC0063', 34, 5, 153.69, NULL),
(2935, 'FC0063', 32, 3, 255.06, NULL),
(2936, 'FC0063', 34, 3, 153.69, NULL),
(2937, 'FC0063', 34, 4, 153.69, NULL),
(2938, 'FC0063', 33, 5, 707.41, NULL),
(2939, 'FC0063', 32, 4, 255.06, NULL),
(2940, 'FC0063', 33, 2, 707.41, NULL),
(2941, 'FC0063', 32, 1, 255.06, NULL),
(2942, 'FC0063', 33, 5, 707.41, NULL),
(2943, 'FC0063', 33, 5, 707.41, NULL),
(2944, 'FC0063', 33, 2, 707.41, NULL),
(2945, 'FC0064', 58, 4, 672.53, NULL),
(2946, 'FC0064', 32, 9, 255.06, NULL),
(2947, 'FC0064', 34, 8, 153.69, NULL),
(2948, 'FC0064', 35, 6, 206.01, NULL),
(2949, 'FC0064', 34, 15, 153.69, NULL),
(2950, 'FC0064', 33, 6, 707.41, NULL),
(2951, 'FC0064', 33, 3, 707.41, NULL),
(2952, 'FC0064', 34, 14, 153.69, NULL),
(2953, 'FC0064', 32, 9, 255.06, NULL),
(2954, 'FC0064', 33, 9, 707.41, NULL),
(2955, 'FC0064', 35, 14, 206.01, NULL),
(2956, 'FC0064', 32, 9, 255.06, NULL),
(2957, 'FC0064', 32, 7, 255.06, NULL),
(2958, 'FC0064', 33, 2, 707.41, NULL),
(2959, 'FC0065', 58, 2, 654.02, NULL),
(2960, 'FC0065', 33, 3, 687.94, NULL),
(2961, 'FC0065', 32, 2, 248.04, NULL),
(2962, 'FC0065', 33, 1, 687.94, NULL),
(2963, 'FC0065', 34, 8, 149.46, NULL),
(2964, 'FC0065', 32, 4, 248.04, NULL),
(2965, 'FC0065', 32, 4, 248.04, NULL),
(2966, 'FC0065', 33, 3, 687.94, NULL),
(2967, 'FC0065', 32, 6, 248.04, NULL),
(2968, 'FC0065', 32, 1, 248.04, NULL),
(2969, 'FC0065', 58, 3, 654.02, NULL),
(2970, 'FC0066', 32, 2, 257.40, NULL),
(2971, 'FC0066', 35, 3, 207.90, NULL),
(2972, 'FC0066', 33, 1, 713.90, NULL),
(2973, 'FC0066', 35, 5, 207.90, NULL),
(2974, 'FC0066', 32, 2, 257.40, NULL),
(2975, 'FC0066', 33, 3, 713.90, NULL),
(2976, 'FC0066', 33, 5, 713.90, NULL),
(2977, 'FC0066', 33, 5, 713.90, NULL),
(2978, 'FC0066', 35, 1, 207.90, NULL),
(2979, 'FC0066', 32, 2, 257.40, NULL),
(2980, 'FC0067', 33, 6, 720.39, NULL),
(2981, 'FC0067', 33, 6, 720.39, NULL),
(2982, 'FC0067', 32, 5, 259.74, NULL),
(2983, 'FC0067', 34, 8, 156.51, NULL),
(2984, 'FC0067', 32, 6, 259.74, NULL),
(2985, 'FC0067', 33, 6, 720.39, NULL),
(2986, 'FC0067', 32, 6, 259.74, NULL),
(2987, 'FC0067', 58, 2, 684.87, NULL),
(2988, 'FC0067', 33, 3, 720.39, NULL),
(2989, 'FC0067', 32, 2, 259.74, NULL),
(2990, 'FC0067', 32, 3, 259.74, NULL),
(2991, 'FC0067', 33, 3, 720.39, NULL),
(2992, 'FC0067', 34, 2, 156.51, NULL),
(2993, 'FC0068', 33, 5, 687.94, NULL),
(2994, 'FC0068', 33, 4, 687.94, NULL),
(2995, 'FC0068', 32, 1, 248.04, NULL),
(2996, 'FC0068', 34, 17, 149.46, NULL),
(2997, 'FC0068', 33, 7, 687.94, NULL),
(2998, 'FC0068', 33, 8, 687.94, NULL),
(2999, 'FC0068', 33, 2, 687.94, NULL),
(3000, 'FC0068', 34, 3, 149.46, NULL),
(3001, 'FC0068', 34, 4, 149.46, NULL),
(3002, 'FC0068', 33, 3, 687.94, NULL),
(3003, 'FC0069', 34, 9, 148.05, NULL),
(3004, 'FC0069', 33, 1, 681.45, NULL),
(3005, 'FC0069', 32, 4, 245.70, NULL),
(3006, 'FC0069', 34, 2, 148.05, NULL),
(3007, 'FC0069', 33, 5, 681.45, NULL),
(3008, 'FC0069', 33, 6, 681.45, NULL),
(3009, 'FC0069', 34, 8, 148.05, NULL),
(3010, 'FC0069', 34, 8, 148.05, NULL),
(3011, 'FC0069', 32, 3, 245.70, NULL),
(3012, 'FC0069', 34, 5, 148.05, NULL),
(3013, 'FC0069', 32, 6, 245.70, NULL),
(3014, 'FC0069', 32, 6, 245.70, NULL),
(3015, 'FC0069', 34, 10, 148.05, NULL),
(3016, 'FC0069', 33, 2, 681.45, NULL),
(3017, 'FC0070', 34, 6, 155.10, NULL),
(3018, 'FC0070', 32, 2, 257.40, NULL),
(3019, 'FC0070', 34, 8, 155.10, NULL),
(3020, 'FC0070', 34, 14, 155.10, NULL),
(3021, 'FC0070', 34, 15, 155.10, NULL),
(3022, 'FC0070', 32, 3, 257.40, NULL),
(3023, 'FC0070', 34, 15, 155.10, NULL),
(3024, 'FC0070', 34, 17, 155.10, NULL),
(3025, 'FC0070', 33, 9, 713.90, NULL),
(3026, 'FC0070', 32, 5, 257.40, NULL),
(3027, 'FC0070', 33, 5, 713.90, NULL),
(3028, 'FC0070', 33, 6, 713.90, NULL),
(3029, 'FC0070', 33, 4, 713.90, NULL),
(3030, 'FC0070', 32, 6, 257.40, NULL),
(3031, 'FC0071', 32, 4, 250.38, NULL),
(3032, 'FC0071', 33, 5, 694.43, NULL),
(3033, 'FC0071', 34, 3, 150.87, NULL),
(3034, 'FC0071', 33, 6, 694.43, NULL),
(3035, 'FC0071', 33, 6, 694.43, NULL),
(3036, 'FC0071', 34, 1, 150.87, NULL),
(3037, 'FC0071', 34, 4, 150.87, NULL),
(3038, 'FC0071', 34, 2, 150.87, NULL),
(3039, 'FC0071', 58, 3, 660.19, NULL),
(3040, 'FC0071', 33, 2, 694.43, NULL),
(3041, 'FC0071', 32, 3, 250.38, NULL),
(3042, 'FC0071', 34, 4, 150.87, NULL),
(3043, 'FC0072', 32, 7, 262.08, NULL),
(3044, 'FC0072', 33, 2, 726.88, NULL),
(3045, 'FC0072', 35, 6, 211.68, NULL),
(3046, 'FC0072', 33, 5, 726.88, NULL),
(3047, 'FC0072', 32, 4, 262.08, NULL),
(3048, 'FC0072', 32, 5, 262.08, NULL),
(3049, 'FC0072', 33, 4, 726.88, NULL),
(3050, 'FC0072', 33, 6, 726.88, NULL),
(3051, 'FC0072', 35, 16, 211.68, NULL),
(3052, 'FC0073', 58, 3, 635.51, NULL),
(3053, 'FC0073', 33, 4, 668.47, NULL),
(3054, 'FC0073', 33, 7, 668.47, NULL),
(3055, 'FC0073', 35, 4, 194.67, NULL),
(3056, 'FC0073', 32, 4, 241.02, NULL),
(3057, 'FC0073', 32, 3, 241.02, NULL),
(3058, 'FC0073', 34, 13, 145.23, NULL),
(3059, 'FC0073', 33, 7, 668.47, NULL),
(3060, 'FC0074', 33, 7, 687.94, NULL),
(3061, 'FC0074', 33, 9, 687.94, NULL),
(3062, 'FC0074', 61, 3, 634.94, NULL),
(3063, 'FC0074', 58, 1, 654.02, NULL),
(3064, 'FC0074', 32, 8, 248.04, NULL),
(3065, 'FC0074', 33, 7, 687.94, NULL),
(3066, 'FC0074', 34, 14, 149.46, NULL),
(3067, 'FC0074', 33, 8, 687.94, NULL),
(3068, 'FC0074', 33, 9, 687.94, NULL),
(3069, 'FC0074', 32, 2, 248.04, NULL),
(3070, 'FC0074', 32, 3, 248.04, NULL),
(3071, 'FC0074', 32, 2, 248.04, NULL),
(3072, 'FC0075', 34, 5, 153.69, NULL),
(3073, 'FC0075', 32, 1, 255.06, NULL),
(3074, 'FC0075', 35, 3, 206.01, NULL),
(3075, 'FC0075', 32, 3, 255.06, NULL),
(3076, 'FC0075', 35, 10, 206.01, NULL),
(3077, 'FC0075', 33, 4, 707.41, NULL),
(3078, 'FC0075', 35, 2, 206.01, NULL),
(3079, 'FC0075', 32, 5, 255.06, NULL),
(3080, 'FC0075', 33, 6, 707.41, NULL),
(3081, 'FC0075', 34, 5, 153.69, NULL),
(3082, 'FC0075', 34, 10, 153.69, NULL),
(3083, 'FC0075', 32, 2, 255.06, NULL),
(3084, 'FC0076', 34, 10, 145.23, NULL),
(3085, 'FC0076', 33, 8, 668.47, NULL),
(3086, 'FC0076', 33, 5, 668.47, NULL),
(3087, 'FC0076', 32, 3, 241.02, NULL),
(3088, 'FC0076', 34, 17, 145.23, NULL),
(3089, 'FC0076', 32, 3, 241.02, NULL),
(3090, 'FC0076', 33, 9, 668.47, NULL),
(3091, 'FC0076', 33, 8, 668.47, NULL),
(3092, 'FC0076', 33, 8, 668.47, NULL),
(3093, 'FC0076', 33, 4, 668.47, NULL),
(3094, 'FC0076', 32, 8, 241.02, NULL),
(3095, 'FC0076', 32, 9, 241.02, NULL),
(3096, 'FC0076', 35, 14, 194.67, NULL),
(3097, 'FC0077', 34, 10, 149.46, NULL),
(3098, 'FC0077', 32, 3, 248.04, NULL),
(3099, 'FC0077', 32, 7, 248.04, NULL),
(3100, 'FC0077', 32, 1, 248.04, NULL),
(3101, 'FC0077', 34, 5, 149.46, NULL),
(3102, 'FC0077', 33, 3, 687.94, NULL),
(3103, 'FC0077', 34, 6, 149.46, NULL),
(3104, 'FC0077', 33, 6, 687.94, NULL),
(3105, 'FC0078', 32, 6, 241.02, NULL),
(3106, 'FC0078', 35, 4, 194.67, NULL),
(3107, 'FC0078', 33, 7, 668.47, NULL),
(3108, 'FC0078', 35, 14, 194.67, NULL),
(3109, 'FC0078', 33, 5, 668.47, NULL),
(3110, 'FC0078', 33, 3, 668.47, NULL),
(3111, 'FC0078', 32, 10, 241.02, NULL),
(3112, 'FC0078', 61, 3, 616.97, NULL),
(3113, 'FC0079', 34, 1, 155.10, NULL),
(3114, 'FC0079', 34, 3, 155.10, NULL),
(3115, 'FC0079', 34, 12, 155.10, NULL),
(3116, 'FC0079', 34, 2, 155.10, NULL),
(3117, 'FC0079', 33, 6, 713.90, NULL),
(3118, 'FC0079', 33, 6, 713.90, NULL),
(3119, 'FC0079', 33, 1, 713.90, NULL),
(3120, 'FC0079', 35, 6, 207.90, NULL),
(3121, 'FC0079', 35, 9, 207.90, NULL),
(3122, 'FC0079', 34, 10, 155.10, NULL),
(3123, 'FC0079', 32, 4, 257.40, NULL),
(3124, 'FC0079', 33, 3, 713.90, NULL),
(3125, 'FC0079', 32, 3, 257.40, NULL),
(3126, 'FC0080', 32, 4, 250.38, NULL),
(3127, 'FC0080', 34, 2, 150.87, NULL),
(3128, 'FC0080', 33, 6, 694.43, NULL),
(3129, 'FC0080', 33, 6, 694.43, NULL),
(3130, 'FC0080', 32, 1, 250.38, NULL),
(3131, 'FC0080', 33, 6, 694.43, NULL),
(3132, 'FC0080', 32, 4, 250.38, NULL),
(3133, 'FC0080', 33, 1, 694.43, NULL),
(3134, 'FC0080', 35, 11, 202.23, NULL),
(3135, 'FC0081', 33, 1, 700.92, NULL),
(3136, 'FC0081', 34, 12, 152.28, NULL),
(3137, 'FC0081', 33, 6, 700.92, NULL);
INSERT INTO `order_items` (`id`, `order_id`, `product_id`, `quantity`, `price`, `choice_id`) VALUES
(3138, 'FC0081', 32, 6, 252.72, NULL),
(3139, 'FC0081', 34, 7, 152.28, NULL),
(3140, 'FC0081', 32, 3, 252.72, NULL),
(3141, 'FC0081', 34, 6, 152.28, NULL),
(3142, 'FC0081', 32, 2, 252.72, NULL),
(3143, 'FC0082', 34, 3, 150.87, NULL),
(3144, 'FC0082', 34, 5, 150.87, NULL),
(3145, 'FC0082', 33, 6, 694.43, NULL),
(3146, 'FC0082', 33, 2, 694.43, NULL),
(3147, 'FC0082', 34, 12, 150.87, NULL),
(3148, 'FC0082', 33, 3, 694.43, NULL),
(3149, 'FC0082', 33, 1, 694.43, NULL),
(3150, 'FC0082', 34, 2, 150.87, NULL),
(3151, 'FC0082', 35, 4, 202.23, NULL),
(3152, 'FC0082', 61, 2, 640.93, NULL),
(3153, 'FC0082', 32, 1, 250.38, NULL),
(3154, 'FC0082', 32, 2, 250.38, NULL),
(3155, 'FC0083', 33, 5, 649.00, NULL),
(3156, 'FC0083', 34, 10, 141.00, NULL),
(3157, 'FC0083', 32, 5, 234.00, NULL),
(3158, 'FC0083', 34, 5, 141.00, NULL),
(3159, 'FC0083', 34, 4, 141.00, NULL),
(3160, 'FC0083', 33, 3, 649.00, NULL),
(3161, 'FC0083', 34, 11, 141.00, NULL),
(3162, 'FC0083', 34, 2, 141.00, NULL),
(3163, 'FC0084', 58, 4, 635.51, NULL),
(3164, 'FC0084', 32, 6, 241.02, NULL),
(3165, 'FC0084', 35, 2, 194.67, NULL),
(3166, 'FC0084', 33, 6, 668.47, NULL),
(3167, 'FC0084', 35, 13, 194.67, NULL),
(3168, 'FC0084', 32, 8, 241.02, NULL),
(3169, 'FC0084', 32, 9, 241.02, NULL),
(3170, 'FC0084', 33, 4, 668.47, NULL),
(3171, 'FC0084', 33, 4, 668.47, NULL),
(3172, 'FC0084', 32, 5, 241.02, NULL),
(3173, 'FC0084', 35, 9, 194.67, NULL),
(3174, 'FC0084', 32, 9, 241.02, NULL),
(3175, 'FC0084', 33, 4, 668.47, NULL),
(3176, 'FC0085', 35, 13, 198.45, NULL),
(3177, 'FC0085', 33, 5, 681.45, NULL),
(3178, 'FC0085', 33, 4, 681.45, NULL),
(3179, 'FC0085', 33, 7, 681.45, NULL),
(3180, 'FC0085', 33, 6, 681.45, NULL),
(3181, 'FC0085', 32, 5, 245.70, NULL),
(3182, 'FC0085', 32, 7, 245.70, NULL),
(3183, 'FC0085', 34, 14, 148.05, NULL),
(3184, 'FC0086', 33, 2, 720.39, NULL),
(3185, 'FC0086', 32, 2, 259.74, NULL),
(3186, 'FC0086', 32, 6, 259.74, NULL),
(3187, 'FC0086', 32, 3, 259.74, NULL),
(3188, 'FC0086', 32, 2, 259.74, NULL),
(3189, 'FC0086', 33, 5, 720.39, NULL),
(3190, 'FC0086', 32, 4, 259.74, NULL),
(3191, 'FC0086', 33, 2, 720.39, NULL),
(3192, 'FC0086', 33, 4, 720.39, NULL),
(3193, 'FC0086', 32, 4, 259.74, NULL),
(3194, 'FC0086', 33, 6, 720.39, NULL),
(3195, 'FC0086', 32, 5, 259.74, NULL),
(3196, 'FC0086', 33, 2, 720.39, NULL),
(3197, 'FC0087', 32, 6, 236.34, NULL),
(3198, 'FC0087', 33, 1, 655.49, NULL),
(3199, 'FC0087', 34, 10, 142.41, NULL),
(3200, 'FC0087', 35, 11, 190.89, NULL),
(3201, 'FC0087', 33, 3, 655.49, NULL),
(3202, 'FC0087', 32, 2, 236.34, NULL),
(3203, 'FC0087', 33, 6, 655.49, NULL),
(3204, 'FC0087', 32, 3, 236.34, NULL),
(3205, 'FC0087', 33, 6, 655.49, NULL),
(3206, 'FC0087', 32, 3, 236.34, NULL),
(3207, 'FC0087', 34, 12, 142.41, NULL),
(3208, 'FC0087', 32, 4, 236.34, NULL),
(3209, 'FC0087', 32, 2, 236.34, NULL),
(3210, 'FC0087', 33, 6, 655.49, NULL),
(3211, 'FC0087', 32, 4, 236.34, NULL),
(3212, 'FC0088', 33, 4, 720.39, NULL),
(3213, 'FC0088', 33, 6, 720.39, NULL),
(3214, 'FC0088', 33, 4, 720.39, NULL),
(3215, 'FC0088', 33, 1, 720.39, NULL),
(3216, 'FC0088', 32, 1, 259.74, NULL),
(3217, 'FC0088', 32, 3, 259.74, NULL),
(3218, 'FC0088', 32, 4, 259.74, NULL),
(3219, 'FC0088', 33, 2, 720.39, NULL),
(3220, 'FC0088', 35, 9, 209.79, NULL),
(3221, 'FC0088', 33, 5, 720.39, NULL),
(3222, 'FC0088', 33, 6, 720.39, NULL),
(3223, 'FC0089', 33, 5, 694.43, NULL),
(3224, 'FC0089', 33, 3, 694.43, NULL),
(3225, 'FC0089', 32, 8, 250.38, NULL),
(3226, 'FC0089', 32, 7, 250.38, NULL),
(3227, 'FC0089', 32, 8, 250.38, NULL),
(3228, 'FC0089', 33, 2, 694.43, NULL),
(3229, 'FC0089', 34, 13, 150.87, NULL),
(3230, 'FC0089', 32, 5, 250.38, NULL),
(3231, 'FC0089', 32, 6, 250.38, NULL),
(3232, 'FC0089', 35, 9, 202.23, NULL),
(3233, 'FC0089', 32, 5, 250.38, NULL),
(3234, 'FC0089', 34, 2, 150.87, NULL),
(3235, 'FC0090', 34, 12, 146.64, NULL),
(3236, 'FC0090', 32, 4, 243.36, NULL),
(3237, 'FC0090', 35, 15, 196.56, NULL),
(3238, 'FC0090', 32, 2, 243.36, NULL),
(3239, 'FC0090', 58, 4, 641.68, NULL),
(3240, 'FC0090', 33, 3, 674.96, NULL),
(3241, 'FC0090', 32, 7, 243.36, NULL),
(3242, 'FC0090', 33, 6, 674.96, NULL),
(3243, 'FC0090', 33, 5, 674.96, NULL),
(3244, 'FC0090', 32, 2, 243.36, NULL),
(3245, 'FC0090', 33, 4, 674.96, NULL),
(3246, 'FC0091', 33, 6, 687.94, NULL),
(3247, 'FC0091', 33, 4, 687.94, NULL),
(3248, 'FC0091', 32, 4, 248.04, NULL),
(3249, 'FC0091', 35, 9, 200.34, NULL),
(3250, 'FC0091', 32, 4, 248.04, NULL),
(3251, 'FC0091', 32, 1, 248.04, NULL),
(3252, 'FC0091', 35, 7, 200.34, NULL),
(3253, 'FC0091', 34, 3, 149.46, NULL),
(3254, 'FC0091', 33, 5, 687.94, NULL),
(3255, 'FC0091', 33, 6, 687.94, NULL),
(3256, 'FC0092', 33, 2, 668.47, NULL),
(3257, 'FC0092', 33, 9, 668.47, NULL),
(3258, 'FC0092', 33, 2, 668.47, NULL),
(3259, 'FC0092', 33, 4, 668.47, NULL),
(3260, 'FC0092', 32, 6, 241.02, NULL),
(3261, 'FC0092', 33, 4, 668.47, NULL),
(3262, 'FC0092', 34, 18, 145.23, NULL),
(3263, 'FC0092', 32, 9, 241.02, NULL),
(3264, 'FC0092', 33, 8, 668.47, NULL),
(3265, 'FC0092', 33, 6, 668.47, NULL),
(3266, 'FC0092', 34, 6, 145.23, NULL),
(3267, 'FC0092', 34, 19, 145.23, NULL),
(3268, 'FC0092', 33, 4, 668.47, NULL),
(3269, 'FC0092', 34, 9, 145.23, NULL),
(3270, 'FC0092', 58, 2, 635.51, NULL),
(3271, 'FC0093', 34, 2, 153.69, NULL),
(3272, 'FC0093', 32, 2, 255.06, NULL),
(3273, 'FC0093', 33, 3, 707.41, NULL),
(3274, 'FC0093', 32, 5, 255.06, NULL),
(3275, 'FC0093', 34, 4, 153.69, NULL),
(3276, 'FC0093', 32, 5, 255.06, NULL),
(3277, 'FC0093', 35, 8, 206.01, NULL),
(3278, 'FC0093', 32, 1, 255.06, NULL),
(3279, 'FC0093', 33, 2, 707.41, NULL),
(3280, 'FC0093', 32, 3, 255.06, NULL),
(3281, 'FC0093', 32, 6, 255.06, NULL),
(3282, 'FC0093', 34, 2, 153.69, NULL),
(3283, 'FC0093', 58, 2, 672.53, NULL),
(3284, 'FC0094', 31, 6, 334.11, NULL),
(3285, 'FC0094', 33, 7, 720.39, NULL),
(3286, 'FC0094', 58, 1, 684.87, NULL),
(3287, 'FC0094', 33, 4, 720.39, NULL),
(3288, 'FC0094', 33, 6, 720.39, NULL),
(3289, 'FC0094', 32, 4, 259.74, NULL),
(3290, 'FC0094', 35, 9, 209.79, NULL),
(3291, 'FC0094', 35, 15, 209.79, NULL),
(3292, 'FC0094', 33, 8, 720.39, NULL),
(3293, 'FC0094', 32, 5, 259.74, NULL),
(3294, 'FC0094', 33, 6, 720.39, NULL),
(3295, 'FC0094', 33, 4, 720.39, NULL),
(3296, 'FC0095', 34, 3, 153.69, NULL),
(3297, 'FC0095', 33, 3, 707.41, NULL),
(3298, 'FC0095', 34, 8, 153.69, NULL),
(3299, 'FC0095', 34, 4, 153.69, NULL),
(3300, 'FC0095', 35, 2, 206.01, NULL),
(3301, 'FC0095', 33, 5, 707.41, NULL),
(3302, 'FC0095', 35, 12, 206.01, NULL),
(3303, 'FC0095', 33, 6, 707.41, NULL),
(3304, 'FC0095', 35, 8, 206.01, NULL),
(3305, 'FC0095', 33, 6, 707.41, NULL),
(3306, 'FC0095', 33, 4, 707.41, NULL),
(3307, 'FC0095', 32, 4, 255.06, NULL),
(3308, 'FC0095', 32, 5, 255.06, NULL),
(3309, 'FC0095', 32, 5, 255.06, NULL),
(3310, 'FC0095', 34, 7, 153.69, NULL),
(3311, 'FC0096', 33, 7, 700.92, NULL),
(3312, 'FC0096', 33, 2, 700.92, NULL),
(3313, 'FC0096', 32, 5, 252.72, NULL),
(3314, 'FC0096', 32, 3, 252.72, NULL),
(3315, 'FC0096', 33, 8, 700.92, NULL),
(3316, 'FC0096', 58, 1, 666.36, NULL),
(3317, 'FC0096', 33, 7, 700.92, NULL),
(3318, 'FC0096', 58, 3, 666.36, NULL),
(3319, 'FC0096', 32, 2, 252.72, NULL),
(3320, 'FC0096', 33, 8, 700.92, NULL),
(3321, 'FC0096', 33, 4, 700.92, NULL),
(3322, 'FC0097', 34, 4, 146.64, NULL),
(3323, 'FC0097', 32, 4, 243.36, NULL),
(3324, 'FC0097', 32, 5, 243.36, NULL),
(3325, 'FC0097', 35, 3, 196.56, NULL),
(3326, 'FC0097', 34, 2, 146.64, NULL),
(3327, 'FC0097', 58, 4, 641.68, NULL),
(3328, 'FC0097', 33, 2, 674.96, NULL),
(3329, 'FC0097', 33, 1, 674.96, NULL),
(3330, 'FC0097', 34, 12, 146.64, NULL),
(3331, 'FC0097', 58, 1, 641.68, NULL),
(3332, 'FC0098', 32, 8, 259.74, NULL),
(3333, 'FC0098', 32, 3, 259.74, NULL),
(3334, 'FC0098', 34, 10, 156.51, NULL),
(3335, 'FC0098', 34, 11, 156.51, NULL),
(3336, 'FC0098', 33, 6, 720.39, NULL),
(3337, 'FC0098', 33, 6, 720.39, NULL),
(3338, 'FC0098', 32, 1, 259.74, NULL),
(3339, 'FC0098', 35, 11, 209.79, NULL),
(3340, 'FC0098', 33, 5, 720.39, NULL),
(3341, 'FC0098', 32, 2, 259.74, NULL),
(3342, 'FC0098', 32, 6, 259.74, NULL),
(3343, 'FC0098', 32, 6, 259.74, NULL),
(3344, 'FC0098', 32, 2, 259.74, NULL),
(3345, 'FC0099', 32, 5, 259.74, NULL),
(3346, 'FC0099', 34, 5, 156.51, NULL),
(3347, 'FC0099', 32, 5, 259.74, NULL),
(3348, 'FC0099', 58, 1, 684.87, NULL),
(3349, 'FC0099', 34, 4, 156.51, NULL),
(3350, 'FC0099', 33, 6, 720.39, NULL),
(3351, 'FC0099', 33, 1, 720.39, NULL),
(3352, 'FC0099', 32, 5, 259.74, NULL),
(3353, 'FC0099', 35, 4, 209.79, NULL),
(3354, 'FC0099', 32, 1, 259.74, NULL),
(3355, 'FC0099', 33, 3, 720.39, NULL),
(3356, 'FC0099', 32, 6, 259.74, NULL),
(3357, 'FC0100', 33, 4, 668.47, NULL),
(3358, 'FC0100', 33, 7, 668.47, NULL),
(3359, 'FC0100', 34, 1, 145.23, NULL),
(3360, 'FC0100', 35, 2, 194.67, NULL),
(3361, 'FC0100', 32, 3, 241.02, NULL),
(3362, 'FC0100', 32, 2, 241.02, NULL),
(3363, 'FC0100', 35, 10, 194.67, NULL),
(3364, 'FC0100', 33, 2, 668.47, NULL),
(3365, 'FC0101', 33, 8, 720.39, NULL),
(3366, 'FC0101', 32, 3, 259.74, NULL),
(3367, 'FC0101', 32, 6, 259.74, NULL),
(3368, 'FC0101', 33, 4, 720.39, NULL),
(3369, 'FC0101', 32, 6, 259.74, NULL),
(3370, 'FC0101', 32, 2, 259.74, NULL),
(3371, 'FC0101', 34, 1, 156.51, NULL),
(3372, 'FC0101', 32, 3, 259.74, NULL),
(3373, 'FC0101', 33, 2, 720.39, NULL),
(3374, 'FC0101', 33, 2, 720.39, NULL),
(3375, 'FC0101', 35, 4, 209.79, NULL),
(3376, 'FC0101', 33, 2, 720.39, NULL),
(3377, 'FC0101', 33, 3, 720.39, NULL),
(3378, 'FC0102', 33, 6, 707.41, NULL),
(3379, 'FC0102', 33, 5, 707.41, NULL),
(3380, 'FC0102', 33, 2, 707.41, NULL),
(3381, 'FC0102', 35, 3, 206.01, NULL),
(3382, 'FC0102', 58, 3, 672.53, NULL),
(3383, 'FC0102', 32, 3, 255.06, NULL),
(3384, 'FC0102', 33, 4, 707.41, NULL),
(3385, 'FC0102', 33, 5, 707.41, NULL),
(3386, 'FC0103', 33, 6, 668.47, NULL),
(3387, 'FC0103', 33, 5, 668.47, NULL),
(3388, 'FC0103', 33, 3, 668.47, NULL),
(3389, 'FC0103', 33, 5, 668.47, NULL),
(3390, 'FC0103', 33, 3, 668.47, NULL),
(3391, 'FC0103', 32, 5, 241.02, NULL),
(3392, 'FC0103', 32, 7, 241.02, NULL),
(3393, 'FC0103', 33, 4, 668.47, NULL),
(3394, 'FC0103', 34, 12, 145.23, NULL),
(3395, 'FC0103', 32, 6, 241.02, NULL),
(3396, 'FC0103', 32, 5, 241.02, NULL),
(3397, 'FC0103', 33, 7, 668.47, NULL),
(3398, 'FC0103', 32, 3, 241.02, NULL),
(3399, 'FC0103', 33, 5, 668.47, NULL),
(3400, 'FC0104', 33, 5, 687.94, NULL),
(3401, 'FC0104', 34, 10, 149.46, NULL),
(3402, 'FC0104', 32, 3, 248.04, NULL),
(3403, 'FC0104', 34, 5, 149.46, NULL),
(3404, 'FC0104', 58, 4, 654.02, NULL),
(3405, 'FC0104', 33, 5, 687.94, NULL),
(3406, 'FC0104', 33, 6, 687.94, NULL),
(3407, 'FC0104', 35, 4, 200.34, NULL),
(3408, 'FC0104', 33, 4, 687.94, NULL),
(3409, 'FC0104', 33, 4, 687.94, NULL),
(3410, 'FC0104', 32, 3, 248.04, NULL),
(3411, 'FC0104', 34, 6, 149.46, NULL),
(3412, 'FC0104', 35, 4, 200.34, NULL),
(3413, 'FC0104', 32, 2, 248.04, NULL),
(3414, 'FC0105', 58, 3, 629.34, NULL),
(3415, 'FC0105', 34, 5, 143.82, NULL),
(3416, 'FC0105', 32, 5, 238.68, NULL),
(3417, 'FC0105', 32, 2, 238.68, NULL),
(3418, 'FC0105', 58, 2, 629.34, NULL),
(3419, 'FC0105', 33, 7, 661.98, NULL),
(3420, 'FC0105', 33, 1, 661.98, NULL),
(3421, 'FC0105', 33, 3, 661.98, NULL),
(3422, 'FC0105', 32, 6, 238.68, NULL),
(3423, 'FC0105', 34, 9, 143.82, NULL),
(3424, 'FC0105', 33, 5, 661.98, NULL),
(3425, 'FC0105', 32, 2, 238.68, NULL),
(3426, 'FC0106', 33, 4, 661.98, NULL),
(3427, 'FC0106', 33, 5, 661.98, NULL),
(3428, 'FC0106', 58, 3, 629.34, NULL),
(3429, 'FC0106', 34, 5, 143.82, NULL),
(3430, 'FC0106', 32, 8, 238.68, NULL),
(3431, 'FC0106', 33, 9, 661.98, NULL),
(3432, 'FC0106', 34, 15, 143.82, NULL),
(3433, 'FC0106', 32, 7, 238.68, NULL),
(3434, 'FC0106', 32, 3, 238.68, NULL),
(3435, 'FC0107', 32, 2, 252.72, NULL),
(3436, 'FC0107', 32, 6, 252.72, NULL),
(3437, 'FC0107', 35, 15, 204.12, NULL),
(3438, 'FC0107', 32, 4, 252.72, NULL),
(3439, 'FC0107', 33, 3, 700.92, NULL),
(3440, 'FC0107', 32, 5, 252.72, NULL),
(3441, 'FC0107', 32, 2, 252.72, NULL),
(3442, 'FC0107', 34, 2, 152.28, NULL),
(3443, 'FC0107', 33, 5, 700.92, NULL),
(3444, 'FC0108', 32, 4, 241.02, NULL),
(3445, 'FC0108', 32, 7, 241.02, NULL),
(3446, 'FC0108', 35, 3, 194.67, NULL),
(3447, 'FC0108', 33, 3, 668.47, NULL),
(3448, 'FC0108', 32, 3, 241.02, NULL),
(3449, 'FC0108', 32, 6, 241.02, NULL),
(3450, 'FC0108', 33, 3, 668.47, NULL),
(3451, 'FC0108', 33, 3, 668.47, NULL),
(3452, 'FC0108', 33, 3, 668.47, NULL),
(3453, 'FC0108', 32, 3, 241.02, NULL),
(3454, 'FC0108', 33, 3, 668.47, NULL),
(3455, 'FC0109', 33, 4, 661.98, NULL),
(3456, 'FC0109', 35, 13, 192.78, NULL),
(3457, 'FC0109', 33, 6, 661.98, NULL),
(3458, 'FC0109', 34, 11, 143.82, NULL),
(3459, 'FC0109', 33, 5, 661.98, NULL),
(3460, 'FC0109', 32, 7, 238.68, NULL),
(3461, 'FC0109', 33, 7, 661.98, NULL),
(3462, 'FC0109', 32, 4, 238.68, NULL),
(3463, 'FC0109', 33, 7, 661.98, NULL),
(3464, 'FC0110', 34, 3, 157.92, NULL),
(3465, 'FC0110', 33, 9, 726.88, NULL),
(3466, 'FC0110', 32, 6, 262.08, NULL),
(3467, 'FC0110', 34, 15, 157.92, NULL),
(3468, 'FC0110', 32, 8, 262.08, NULL),
(3469, 'FC0110', 33, 6, 726.88, NULL),
(3470, 'FC0110', 33, 9, 726.88, NULL),
(3471, 'FC0110', 33, 1, 726.88, NULL),
(3472, 'FC0110', 34, 2, 157.92, NULL),
(3473, 'FC0110', 33, 4, 726.88, NULL),
(3474, 'FC0111', 33, 1, 720.39, NULL),
(3475, 'FC0111', 33, 5, 720.39, NULL),
(3476, 'FC0111', 33, 6, 720.39, NULL),
(3477, 'FC0111', 32, 5, 259.74, NULL),
(3478, 'FC0111', 34, 8, 156.51, NULL),
(3479, 'FC0111', 32, 3, 259.74, NULL),
(3480, 'FC0111', 33, 2, 720.39, NULL),
(3481, 'FC0111', 33, 1, 720.39, NULL),
(3482, 'FC0111', 32, 3, 259.74, NULL),
(3483, 'FC0112', 32, 6, 257.40, NULL),
(3484, 'FC0112', 34, 1, 155.10, NULL),
(3485, 'FC0112', 33, 3, 713.90, NULL),
(3486, 'FC0112', 34, 3, 155.10, NULL),
(3487, 'FC0112', 35, 11, 207.90, NULL),
(3488, 'FC0112', 33, 3, 713.90, NULL),
(3489, 'FC0112', 34, 1, 155.10, NULL),
(3490, 'FC0112', 33, 1, 713.90, NULL),
(3491, 'FC0112', 35, 4, 207.90, NULL),
(3492, 'FC0112', 33, 4, 713.90, NULL),
(3493, 'FC0112', 35, 4, 207.90, NULL),
(3494, 'FC0113', 33, 4, 694.43, NULL),
(3495, 'FC0113', 32, 3, 250.38, NULL),
(3496, 'FC0113', 32, 2, 250.38, NULL),
(3497, 'FC0113', 33, 4, 694.43, NULL),
(3498, 'FC0113', 32, 3, 250.38, NULL),
(3499, 'FC0113', 34, 3, 150.87, NULL),
(3500, 'FC0113', 32, 3, 250.38, NULL),
(3501, 'FC0113', 32, 2, 250.38, NULL),
(3502, 'FC0113', 33, 4, 694.43, NULL),
(3503, 'FC0113', 32, 3, 250.38, NULL),
(3504, 'FC0113', 32, 3, 250.38, NULL),
(3505, 'FC0113', 33, 3, 694.43, NULL),
(3506, 'FC0113', 33, 5, 694.43, NULL),
(3507, 'FC0113', 32, 2, 250.38, NULL),
(3508, 'FC0114', 33, 7, 674.96, NULL),
(3509, 'FC0114', 61, 3, 622.96, NULL),
(3510, 'FC0114', 35, 6, 196.56, NULL),
(3511, 'FC0114', 58, 4, 641.68, NULL),
(3512, 'FC0114', 33, 5, 674.96, NULL),
(3513, 'FC0114', 58, 2, 641.68, NULL),
(3514, 'FC0114', 34, 14, 146.64, NULL),
(3515, 'FC0114', 33, 2, 674.96, NULL),
(3516, 'FC0114', 33, 2, 674.96, NULL),
(3517, 'FC0115', 33, 5, 661.98, NULL),
(3518, 'FC0115', 33, 1, 661.98, NULL),
(3519, 'FC0115', 35, 12, 192.78, NULL),
(3520, 'FC0115', 32, 4, 238.68, NULL),
(3521, 'FC0115', 33, 3, 661.98, NULL),
(3522, 'FC0115', 32, 5, 238.68, NULL),
(3523, 'FC0115', 32, 4, 238.68, NULL),
(3524, 'FC0115', 32, 5, 238.68, NULL),
(3525, 'FC0115', 34, 2, 143.82, NULL),
(3526, 'FC0115', 32, 4, 238.68, NULL),
(3527, 'FC0115', 33, 5, 661.98, NULL),
(3528, 'FC0115', 33, 4, 661.98, NULL),
(3529, 'FC0115', 33, 3, 661.98, NULL),
(3530, 'FC0115', 33, 4, 661.98, NULL),
(3531, 'FC0116', 32, 2, 245.70, NULL),
(3532, 'FC0116', 34, 12, 148.05, NULL),
(3533, 'FC0116', 34, 8, 148.05, NULL),
(3534, 'FC0116', 33, 8, 681.45, NULL),
(3535, 'FC0116', 33, 6, 681.45, NULL),
(3536, 'FC0116', 33, 4, 681.45, NULL),
(3537, 'FC0116', 33, 3, 681.45, NULL),
(3538, 'FC0116', 33, 4, 681.45, NULL),
(3539, 'FC0116', 33, 8, 681.45, NULL),
(3540, 'FC0116', 33, 5, 681.45, NULL),
(3541, 'FC0116', 32, 1, 245.70, NULL),
(3542, 'FC0117', 33, 5, 661.98, NULL),
(3543, 'FC0117', 33, 7, 661.98, NULL),
(3544, 'FC0117', 33, 5, 661.98, NULL),
(3545, 'FC0117', 34, 13, 143.82, NULL),
(3546, 'FC0117', 34, 14, 143.82, NULL),
(3547, 'FC0117', 32, 5, 238.68, NULL),
(3548, 'FC0117', 32, 3, 238.68, NULL),
(3549, 'FC0117', 32, 4, 238.68, NULL),
(3550, 'FC0117', 32, 3, 238.68, NULL),
(3551, 'FC0117', 32, 5, 238.68, NULL),
(3552, 'FC0117', 32, 4, 238.68, NULL),
(3553, 'FC0117', 33, 3, 661.98, NULL),
(3554, 'FC0117', 33, 3, 661.98, NULL),
(3555, 'FC0117', 34, 8, 143.82, NULL),
(3556, 'FC0117', 32, 4, 238.68, NULL),
(3557, 'FC0118', 34, 3, 142.41, NULL),
(3558, 'FC0118', 32, 8, 236.34, NULL),
(3559, 'FC0118', 33, 5, 655.49, NULL),
(3560, 'FC0118', 32, 5, 236.34, NULL),
(3561, 'FC0118', 32, 7, 236.34, NULL),
(3562, 'FC0118', 33, 7, 655.49, NULL),
(3563, 'FC0118', 33, 4, 655.49, NULL),
(3564, 'FC0118', 32, 6, 236.34, NULL),
(3565, 'FC0118', 34, 8, 142.41, NULL),
(3566, 'FC0118', 32, 4, 236.34, NULL),
(3567, 'FC0118', 34, 4, 142.41, NULL),
(3568, 'FC0118', 32, 1, 236.34, NULL),
(3569, 'FC0119', 61, 4, 640.93, NULL),
(3570, 'FC0119', 32, 6, 250.38, NULL),
(3571, 'FC0119', 32, 5, 250.38, NULL),
(3572, 'FC0119', 32, 1, 250.38, NULL),
(3573, 'FC0119', 33, 3, 694.43, NULL),
(3574, 'FC0119', 33, 6, 694.43, NULL),
(3575, 'FC0119', 58, 2, 660.19, NULL),
(3576, 'FC0119', 33, 4, 694.43, NULL),
(3577, 'FC0119', 58, 3, 660.19, NULL),
(3578, 'FC0119', 33, 1, 694.43, NULL),
(3579, 'FC0119', 33, 2, 694.43, NULL),
(3580, 'FC0119', 33, 5, 694.43, NULL),
(3581, 'FC0120', 34, 7, 148.05, NULL),
(3582, 'FC0120', 33, 7, 681.45, NULL),
(3583, 'FC0120', 32, 5, 245.70, NULL),
(3584, 'FC0120', 33, 4, 681.45, NULL),
(3585, 'FC0120', 32, 3, 245.70, NULL),
(3586, 'FC0120', 32, 8, 245.70, NULL),
(3587, 'FC0120', 34, 13, 148.05, NULL),
(3588, 'FC0120', 33, 5, 681.45, NULL),
(3589, 'FC0120', 58, 2, 647.85, NULL),
(3590, 'FC0120', 32, 7, 245.70, NULL),
(3591, 'FC0121', 32, 5, 262.08, NULL),
(3592, 'FC0121', 33, 3, 726.88, NULL),
(3593, 'FC0121', 58, 3, 691.04, NULL),
(3594, 'FC0121', 33, 1, 726.88, NULL),
(3595, 'FC0121', 32, 9, 262.08, NULL),
(3596, 'FC0121', 61, 1, 670.88, NULL),
(3597, 'FC0121', 33, 2, 726.88, NULL),
(3598, 'FC0121', 35, 6, 211.68, NULL),
(3599, 'FC0121', 34, 9, 157.92, NULL),
(3600, 'FC0121', 33, 3, 726.88, NULL),
(3601, 'FC0121', 33, 5, 726.88, NULL),
(3602, 'FC0121', 33, 5, 726.88, NULL),
(3603, 'FC0121', 33, 2, 726.88, NULL),
(3604, 'FC0121', 34, 12, 157.92, NULL),
(3605, 'FC0121', 34, 12, 157.92, NULL),
(3606, 'FC0122', 34, 12, 145.23, NULL),
(3607, 'FC0122', 32, 6, 241.02, NULL),
(3608, 'FC0122', 32, 1, 241.02, NULL),
(3609, 'FC0122', 33, 4, 668.47, NULL),
(3610, 'FC0122', 34, 5, 145.23, NULL),
(3611, 'FC0122', 34, 4, 145.23, NULL),
(3612, 'FC0122', 61, 3, 616.97, NULL),
(3613, 'FC0122', 32, 5, 241.02, NULL),
(3614, 'FC0122', 32, 6, 241.02, NULL),
(3615, 'FC0122', 31, 2, 310.03, NULL),
(3616, 'FC0122', 35, 8, 194.67, NULL),
(3617, 'FC0122', 32, 6, 241.02, NULL),
(3618, 'FC0123', 34, 4, 145.23, NULL),
(3619, 'FC0123', 33, 3, 668.47, NULL),
(3620, 'FC0123', 34, 11, 145.23, NULL),
(3621, 'FC0123', 33, 1, 668.47, NULL),
(3622, 'FC0123', 35, 12, 194.67, NULL),
(3623, 'FC0123', 32, 4, 241.02, NULL),
(3624, 'FC0123', 32, 3, 241.02, NULL),
(3625, 'FC0123', 32, 1, 241.02, NULL),
(3626, 'FC0123', 33, 5, 668.47, NULL),
(3627, 'FC0123', 34, 5, 145.23, NULL),
(3628, 'FC0123', 32, 5, 241.02, NULL),
(3629, 'FC0123', 32, 5, 241.02, NULL),
(3630, 'FC0124', 33, 9, 668.47, NULL),
(3631, 'FC0124', 34, 4, 145.23, NULL),
(3632, 'FC0124', 32, 5, 241.02, NULL),
(3633, 'FC0124', 32, 7, 241.02, NULL),
(3634, 'FC0124', 33, 2, 668.47, NULL),
(3635, 'FC0124', 32, 5, 241.02, NULL),
(3636, 'FC0124', 32, 7, 241.02, NULL),
(3637, 'FC0124', 35, 10, 194.67, NULL),
(3638, 'FC0124', 33, 7, 668.47, NULL),
(3639, 'FC0124', 33, 8, 668.47, NULL),
(3640, 'FC0124', 33, 5, 668.47, NULL),
(3641, 'FC0124', 32, 4, 241.02, NULL),
(3642, 'FC0124', 34, 15, 145.23, NULL),
(3643, 'FC0124', 32, 3, 241.02, NULL),
(3644, 'FC0124', 32, 4, 241.02, NULL),
(3645, 'FC0125', 33, 5, 700.92, NULL),
(3646, 'FC0125', 32, 4, 252.72, NULL),
(3647, 'FC0125', 61, 2, 646.92, NULL),
(3648, 'FC0125', 32, 2, 252.72, NULL),
(3649, 'FC0125', 33, 3, 700.92, NULL),
(3650, 'FC0125', 35, 3, 204.12, NULL),
(3651, 'FC0125', 32, 2, 252.72, NULL),
(3652, 'FC0125', 34, 5, 152.28, NULL),
(3653, 'FC0125', 34, 4, 152.28, NULL),
(3654, 'FC0125', 33, 5, 700.92, NULL),
(3655, 'FC0125', 35, 1, 204.12, NULL),
(3656, 'FC0125', 34, 3, 152.28, NULL),
(3657, 'FC0125', 33, 3, 700.92, NULL),
(3658, 'FC0125', 33, 3, 700.92, NULL),
(3659, 'FC0125', 35, 1, 204.12, NULL),
(3660, 'FC0126', 58, 3, 629.34, NULL),
(3661, 'FC0126', 32, 6, 238.68, NULL),
(3662, 'FC0126', 33, 4, 661.98, NULL),
(3663, 'FC0126', 33, 7, 661.98, NULL),
(3664, 'FC0126', 33, 1, 661.98, NULL),
(3665, 'FC0126', 35, 11, 192.78, NULL),
(3666, 'FC0126', 33, 7, 661.98, NULL),
(3667, 'FC0126', 33, 7, 661.98, NULL),
(3668, 'FC0127', 33, 3, 655.49, NULL),
(3669, 'FC0127', 32, 9, 236.34, NULL),
(3670, 'FC0127', 33, 3, 655.49, NULL),
(3671, 'FC0127', 32, 5, 236.34, NULL),
(3672, 'FC0127', 32, 10, 236.34, NULL),
(3673, 'FC0127', 32, 2, 236.34, NULL),
(3674, 'FC0127', 33, 10, 655.49, NULL),
(3675, 'FC0127', 34, 4, 142.41, NULL),
(3676, 'FC0127', 33, 9, 655.49, NULL),
(3677, 'FC0127', 33, 8, 655.49, NULL),
(3678, 'FC0127', 34, 16, 142.41, NULL),
(3679, 'FC0127', 32, 10, 236.34, NULL),
(3680, 'FC0127', 33, 5, 655.49, NULL),
(3681, 'FC0127', 32, 2, 236.34, NULL),
(3682, 'FC0127', 33, 10, 655.49, NULL),
(3683, 'FC0128', 33, 5, 707.41, NULL),
(3684, 'FC0128', 32, 2, 255.06, NULL),
(3685, 'FC0128', 33, 6, 707.41, NULL),
(3686, 'FC0128', 34, 6, 153.69, NULL),
(3687, 'FC0128', 33, 1, 707.41, NULL),
(3688, 'FC0128', 32, 5, 255.06, NULL),
(3689, 'FC0128', 33, 3, 707.41, NULL),
(3690, 'FC0128', 33, 2, 707.41, NULL),
(3691, 'FC0128', 58, 2, 672.53, NULL),
(3692, 'FC0128', 33, 6, 707.41, NULL),
(3693, 'FC0128', 32, 2, 255.06, NULL),
(3694, 'FC0129', 33, 6, 674.96, NULL),
(3695, 'FC0129', 33, 3, 674.96, NULL),
(3696, 'FC0129', 32, 1, 243.36, NULL),
(3697, 'FC0129', 33, 5, 674.96, NULL),
(3698, 'FC0129', 33, 3, 674.96, NULL),
(3699, 'FC0129', 33, 4, 674.96, NULL),
(3700, 'FC0129', 32, 6, 243.36, NULL),
(3701, 'FC0129', 32, 2, 243.36, NULL),
(3702, 'FC0129', 33, 3, 674.96, NULL),
(3703, 'FC0129', 33, 6, 674.96, NULL),
(3704, 'FC0129', 33, 3, 674.96, NULL),
(3705, 'FC0129', 33, 3, 674.96, NULL),
(3706, 'FC0130', 33, 4, 713.90, NULL),
(3707, 'FC0130', 32, 7, 257.40, NULL),
(3708, 'FC0130', 32, 2, 257.40, NULL),
(3709, 'FC0130', 33, 2, 713.90, NULL),
(3710, 'FC0130', 32, 9, 257.40, NULL),
(3711, 'FC0130', 35, 6, 207.90, NULL),
(3712, 'FC0130', 58, 3, 678.70, NULL),
(3713, 'FC0130', 33, 9, 713.90, NULL),
(3714, 'FC0130', 32, 5, 257.40, NULL),
(3715, 'FC0130', 32, 7, 257.40, NULL),
(3716, 'FC0130', 33, 1, 713.90, NULL),
(3717, 'FC0130', 34, 13, 155.10, NULL),
(3718, 'FC0130', 33, 4, 713.90, NULL),
(3719, 'FC0130', 32, 8, 257.40, NULL),
(3720, 'FC0130', 34, 7, 155.10, NULL),
(3721, 'FC0131', 33, 3, 694.43, NULL),
(3722, 'FC0131', 33, 6, 694.43, NULL),
(3723, 'FC0131', 34, 5, 150.87, NULL),
(3724, 'FC0131', 33, 1, 694.43, NULL),
(3725, 'FC0131', 32, 3, 250.38, NULL),
(3726, 'FC0131', 32, 5, 250.38, NULL),
(3727, 'FC0131', 32, 1, 250.38, NULL),
(3728, 'FC0131', 33, 3, 694.43, NULL),
(3729, 'FC0131', 33, 1, 694.43, NULL),
(3730, 'FC0131', 33, 2, 694.43, NULL),
(3731, 'FC0131', 33, 2, 694.43, NULL),
(3732, 'FC0131', 32, 3, 250.38, NULL),
(3733, 'FC0131', 32, 5, 250.38, NULL),
(3734, 'FC0131', 34, 8, 150.87, NULL),
(3735, 'FC0132', 33, 9, 707.41, NULL),
(3736, 'FC0132', 33, 5, 707.41, NULL),
(3737, 'FC0132', 32, 2, 255.06, NULL),
(3738, 'FC0132', 35, 14, 206.01, NULL),
(3739, 'FC0132', 33, 7, 707.41, NULL),
(3740, 'FC0132', 34, 12, 153.69, NULL),
(3741, 'FC0132', 34, 12, 153.69, NULL),
(3742, 'FC0132', 34, 14, 153.69, NULL),
(3743, 'FC0132', 35, 2, 206.01, NULL),
(3744, 'FC0132', 35, 16, 206.01, NULL),
(3745, 'FC0132', 33, 8, 707.41, NULL),
(3746, 'FC0132', 58, 3, 672.53, NULL),
(3747, 'FC0132', 32, 5, 255.06, NULL),
(3748, 'FC0132', 33, 7, 707.41, NULL),
(3749, 'FC0132', 34, 2, 153.69, NULL),
(3750, 'FC0133', 32, 6, 234.00, NULL),
(3751, 'FC0133', 33, 3, 649.00, NULL),
(3752, 'FC0133', 32, 6, 234.00, NULL),
(3753, 'FC0133', 33, 6, 649.00, NULL),
(3754, 'FC0133', 32, 1, 234.00, NULL),
(3755, 'FC0133', 33, 4, 649.00, NULL),
(3756, 'FC0133', 33, 5, 649.00, NULL),
(3757, 'FC0133', 32, 3, 234.00, NULL),
(3758, 'FC0133', 32, 3, 234.00, NULL),
(3759, 'FC0133', 33, 4, 649.00, NULL),
(3760, 'FC0133', 34, 4, 141.00, NULL),
(3761, 'FC0134', 61, 3, 640.93, NULL),
(3762, 'FC0134', 32, 1, 250.38, NULL),
(3763, 'FC0134', 33, 1, 694.43, NULL),
(3764, 'FC0134', 32, 6, 250.38, NULL),
(3765, 'FC0134', 32, 2, 250.38, NULL),
(3766, 'FC0134', 32, 1, 250.38, NULL),
(3767, 'FC0134', 35, 7, 202.23, NULL),
(3768, 'FC0134', 33, 6, 694.43, NULL),
(3769, 'FC0134', 32, 6, 250.38, NULL),
(3770, 'FC0134', 35, 2, 202.23, NULL),
(3771, 'FC0134', 33, 1, 694.43, NULL),
(3772, 'FC0134', 32, 3, 250.38, NULL),
(3773, 'FC0134', 35, 1, 202.23, NULL),
(3774, 'FC0135', 35, 7, 211.68, NULL),
(3775, 'FC0135', 33, 3, 726.88, NULL),
(3776, 'FC0135', 33, 4, 726.88, NULL),
(3777, 'FC0135', 32, 4, 262.08, NULL),
(3778, 'FC0135', 33, 6, 726.88, NULL),
(3779, 'FC0135', 33, 4, 726.88, NULL),
(3780, 'FC0135', 35, 11, 211.68, NULL),
(3781, 'FC0135', 34, 5, 157.92, NULL),
(3782, 'FC0135', 33, 5, 726.88, NULL),
(3783, 'FC0135', 34, 2, 157.92, NULL),
(3784, 'FC0135', 33, 3, 726.88, NULL),
(3785, 'FC0135', 32, 3, 262.08, NULL),
(3786, 'FC0135', 33, 2, 726.88, NULL),
(3787, 'FC0135', 34, 7, 157.92, NULL),
(3788, 'FC0136', 32, 5, 252.72, NULL),
(3789, 'FC0136', 33, 3, 700.92, NULL),
(3790, 'FC0136', 33, 4, 700.92, NULL),
(3791, 'FC0136', 32, 4, 252.72, NULL),
(3792, 'FC0136', 33, 5, 700.92, NULL),
(3793, 'FC0136', 33, 3, 700.92, NULL),
(3794, 'FC0136', 33, 2, 700.92, NULL),
(3795, 'FC0136', 32, 4, 252.72, NULL),
(3796, 'FC0136', 33, 6, 700.92, NULL),
(3797, 'FC0136', 33, 5, 700.92, NULL),
(3798, 'FC0136', 33, 1, 700.92, NULL),
(3799, 'FC0136', 33, 6, 700.92, NULL),
(3800, 'FC0136', 32, 5, 252.72, NULL),
(3801, 'FC0137', 33, 7, 655.49, NULL),
(3802, 'FC0137', 32, 4, 236.34, NULL),
(3803, 'FC0137', 34, 5, 142.41, NULL),
(3804, 'FC0137', 35, 10, 190.89, NULL),
(3805, 'FC0137', 33, 6, 655.49, NULL),
(3806, 'FC0137', 32, 4, 236.34, NULL),
(3807, 'FC0137', 33, 7, 655.49, NULL),
(3808, 'FC0137', 32, 8, 236.34, NULL),
(3809, 'FC0137', 34, 19, 142.41, NULL),
(3810, 'FC0137', 32, 9, 236.34, NULL),
(3811, 'FC0138', 34, 1, 150.87, NULL),
(3812, 'FC0138', 32, 3, 250.38, NULL),
(3813, 'FC0138', 33, 5, 694.43, NULL),
(3814, 'FC0138', 33, 4, 694.43, NULL),
(3815, 'FC0138', 32, 4, 250.38, NULL),
(3816, 'FC0138', 35, 11, 202.23, NULL),
(3817, 'FC0138', 33, 2, 694.43, NULL),
(3818, 'FC0138', 35, 7, 202.23, NULL),
(3819, 'FC0138', 32, 4, 250.38, NULL),
(3820, 'FC0138', 32, 2, 250.38, NULL),
(3821, 'FC0138', 32, 2, 250.38, NULL),
(3822, 'FC0138', 34, 9, 150.87, NULL),
(3823, 'FC0139', 33, 5, 720.39, NULL),
(3824, 'FC0139', 34, 4, 156.51, NULL),
(3825, 'FC0139', 34, 7, 156.51, NULL),
(3826, 'FC0139', 34, 9, 156.51, NULL),
(3827, 'FC0139', 32, 7, 259.74, NULL),
(3828, 'FC0139', 33, 2, 720.39, NULL),
(3829, 'FC0139', 33, 1, 720.39, NULL),
(3830, 'FC0139', 33, 6, 720.39, NULL),
(3831, 'FC0139', 32, 2, 259.74, NULL),
(3832, 'FC0140', 34, 4, 148.05, NULL),
(3833, 'FC0140', 34, 2, 148.05, NULL),
(3834, 'FC0140', 33, 6, 681.45, NULL),
(3835, 'FC0140', 33, 3, 681.45, NULL),
(3836, 'FC0140', 35, 1, 198.45, NULL),
(3837, 'FC0140', 35, 11, 198.45, NULL),
(3838, 'FC0140', 32, 6, 245.70, NULL),
(3839, 'FC0140', 33, 6, 681.45, NULL),
(3840, 'FC0141', 32, 4, 238.68, NULL),
(3841, 'FC0141', 34, 2, 143.82, NULL),
(3842, 'FC0141', 33, 4, 661.98, NULL),
(3843, 'FC0141', 34, 4, 143.82, NULL),
(3844, 'FC0141', 34, 2, 143.82, NULL),
(3845, 'FC0141', 33, 4, 661.98, NULL),
(3846, 'FC0141', 33, 1, 661.98, NULL),
(3847, 'FC0141', 33, 3, 661.98, NULL),
(3848, 'FC0141', 34, 8, 143.82, NULL),
(3849, 'FC0141', 32, 6, 238.68, NULL),
(3850, 'FC0141', 33, 6, 661.98, NULL),
(3851, 'FC0141', 58, 3, 629.34, NULL),
(3852, 'FC0141', 33, 7, 661.98, NULL),
(3853, 'FC0142', 33, 5, 655.49, NULL),
(3854, 'FC0142', 33, 2, 655.49, NULL),
(3855, 'FC0142', 33, 6, 655.49, NULL),
(3856, 'FC0142', 58, 3, 623.17, NULL),
(3857, 'FC0142', 35, 11, 190.89, NULL),
(3858, 'FC0142', 33, 2, 655.49, NULL),
(3859, 'FC0142', 32, 1, 236.34, NULL),
(3860, 'FC0142', 32, 5, 236.34, NULL),
(3861, 'FC0142', 32, 1, 236.34, NULL),
(3862, 'FC0143', 33, 7, 661.98, NULL),
(3863, 'FC0143', 32, 3, 238.68, NULL),
(3864, 'FC0143', 35, 15, 192.78, NULL),
(3865, 'FC0143', 34, 9, 143.82, NULL),
(3866, 'FC0143', 33, 5, 661.98, NULL),
(3867, 'FC0143', 34, 4, 143.82, NULL),
(3868, 'FC0143', 33, 8, 661.98, NULL),
(3869, 'FC0143', 33, 5, 661.98, NULL),
(3870, 'FC0143', 34, 14, 143.82, NULL),
(3871, 'FC0143', 34, 7, 143.82, NULL),
(3872, 'FC0143', 33, 2, 661.98, NULL),
(3873, 'FC0143', 32, 2, 238.68, NULL),
(3874, 'FC0144', 34, 7, 142.41, NULL),
(3875, 'FC0144', 33, 6, 655.49, NULL),
(3876, 'FC0144', 35, 3, 190.89, NULL),
(3877, 'FC0144', 33, 4, 655.49, NULL),
(3878, 'FC0144', 32, 2, 236.34, NULL),
(3879, 'FC0144', 33, 7, 655.49, NULL),
(3880, 'FC0144', 35, 10, 190.89, NULL),
(3881, 'FC0144', 32, 6, 236.34, NULL),
(3882, 'FC0144', 33, 6, 655.49, NULL),
(3883, 'FC0144', 33, 6, 655.49, NULL),
(3884, 'FC0144', 35, 7, 190.89, NULL),
(3885, 'FC0145', 32, 3, 238.68, NULL),
(3886, 'FC0145', 32, 5, 238.68, NULL),
(3887, 'FC0145', 35, 8, 192.78, NULL),
(3888, 'FC0145', 58, 4, 629.34, NULL),
(3889, 'FC0145', 32, 5, 238.68, NULL),
(3890, 'FC0145', 61, 4, 610.98, NULL),
(3891, 'FC0145', 32, 7, 238.68, NULL),
(3892, 'FC0145', 33, 3, 661.98, NULL),
(3893, 'FC0145', 32, 5, 238.68, NULL),
(3894, 'FC0145', 35, 9, 192.78, NULL),
(3895, 'FC0145', 33, 1, 661.98, NULL),
(3896, 'FC0145', 34, 3, 143.82, NULL),
(3897, 'FC0145', 33, 2, 661.98, NULL),
(3898, 'FC0146', 33, 1, 694.43, NULL),
(3899, 'FC0146', 35, 9, 202.23, NULL),
(3900, 'FC0146', 32, 1, 250.38, NULL),
(3901, 'FC0146', 33, 6, 694.43, NULL),
(3902, 'FC0146', 34, 7, 150.87, NULL),
(3903, 'FC0146', 33, 3, 694.43, NULL),
(3904, 'FC0146', 33, 6, 694.43, NULL),
(3905, 'FC0146', 33, 3, 694.43, NULL),
(3906, 'FC0146', 32, 4, 250.38, NULL),
(3907, 'FC0146', 33, 6, 694.43, NULL),
(3908, 'FC0146', 33, 5, 694.43, NULL),
(3909, 'FC0146', 32, 1, 250.38, NULL),
(3910, 'FC0146', 33, 3, 694.43, NULL),
(3911, 'FC0147', 32, 9, 245.70, NULL),
(3912, 'FC0147', 33, 5, 681.45, NULL),
(3913, 'FC0147', 34, 16, 148.05, NULL),
(3914, 'FC0147', 33, 3, 681.45, NULL),
(3915, 'FC0147', 32, 2, 245.70, NULL),
(3916, 'FC0147', 33, 6, 681.45, NULL),
(3917, 'FC0147', 32, 4, 245.70, NULL),
(3918, 'FC0147', 32, 6, 245.70, NULL),
(3919, 'FC0147', 33, 8, 681.45, NULL),
(3920, 'FC0147', 34, 10, 148.05, NULL),
(3921, 'FC0147', 33, 2, 681.45, NULL),
(3922, 'FC0147', 32, 1, 245.70, NULL),
(3923, 'FC0147', 32, 6, 245.70, NULL),
(3924, 'FC0147', 32, 3, 245.70, NULL),
(3925, 'FC0148', 32, 5, 236.34, NULL),
(3926, 'FC0148', 34, 5, 142.41, NULL),
(3927, 'FC0148', 32, 6, 236.34, NULL),
(3928, 'FC0148', 32, 2, 236.34, NULL),
(3929, 'FC0148', 34, 16, 142.41, NULL),
(3930, 'FC0148', 35, 11, 190.89, NULL),
(3931, 'FC0148', 34, 7, 142.41, NULL),
(3932, 'FC0148', 32, 2, 236.34, NULL),
(3933, 'FC0148', 32, 10, 236.34, NULL),
(3934, 'FC0148', 32, 2, 236.34, NULL),
(3935, 'FC0149', 35, 12, 194.67, NULL),
(3936, 'FC0149', 33, 5, 668.47, NULL),
(3937, 'FC0149', 34, 3, 145.23, NULL),
(3938, 'FC0149', 32, 6, 241.02, NULL),
(3939, 'FC0149', 33, 7, 668.47, NULL),
(3940, 'FC0149', 34, 10, 145.23, NULL),
(3941, 'FC0149', 32, 6, 241.02, NULL),
(3942, 'FC0149', 34, 1, 145.23, NULL),
(3943, 'FC0149', 34, 1, 145.23, NULL),
(3944, 'FC0150', 34, 16, 150.87, NULL),
(3945, 'FC0150', 32, 5, 250.38, NULL),
(3946, 'FC0150', 32, 6, 250.38, NULL),
(3947, 'FC0150', 33, 7, 694.43, NULL),
(3948, 'FC0150', 33, 4, 694.43, NULL),
(3949, 'FC0150', 34, 16, 150.87, NULL),
(3950, 'FC0150', 33, 5, 694.43, NULL),
(3951, 'FC0150', 33, 8, 694.43, NULL),
(3952, 'FC0150', 33, 4, 694.43, NULL),
(3953, 'FC0150', 33, 3, 694.43, NULL),
(3954, 'SPF001', 33, 17, 649.00, NULL),
(3955, 'SPF001', 58, 5, 617.00, NULL),
(3956, 'SPF001', 61, 4, 599.00, NULL),
(3957, 'SPF001', 31, 8, 301.00, NULL),
(3958, 'SPF001', 60, 3, 1554.00, NULL),
(3959, 'SPF001', 79, 21, 72.00, NULL),
(3960, 'SPF001', 75, 14, 54.00, NULL),
(3961, 'SPF001', 112, 9, 192.00, NULL),
(3962, 'SPF001', 71, 24, 25.00, NULL),
(3963, 'SPF001', 72, 16, 37.00, NULL),
(3964, 'SPF002', 33, 14, 649.00, NULL),
(3965, 'SPF002', 58, 9, 617.00, NULL),
(3966, 'SPF002', 61, 3, 599.00, NULL),
(3967, 'SPF002', 31, 12, 301.00, NULL),
(3968, 'SPF002', 60, 4, 1554.00, NULL),
(3969, 'SPF002', 79, 19, 72.00, NULL),
(3970, 'SPF002', 75, 17, 54.00, NULL),
(3971, 'SPF002', 112, 9, 192.00, NULL),
(3972, 'SPF002', 71, 25, 25.00, NULL),
(3973, 'SPF002', 72, 12, 37.00, NULL),
(3974, 'SPF003', 33, 15, 649.00, NULL),
(3975, 'SPF003', 58, 7, 617.00, NULL),
(3976, 'SPF003', 61, 3, 599.00, NULL),
(3977, 'SPF003', 31, 13, 301.00, NULL),
(3978, 'SPF003', 60, 2, 1554.00, NULL),
(3979, 'SPF003', 79, 24, 72.00, NULL),
(3980, 'SPF003', 75, 15, 54.00, NULL),
(3981, 'SPF003', 112, 7, 192.00, NULL),
(3982, 'SPF003', 71, 25, 25.00, NULL),
(3983, 'SPF003', 72, 16, 37.00, NULL),
(3984, 'SPF004', 33, 14, 649.00, NULL),
(3985, 'SPF004', 58, 9, 617.00, NULL),
(3986, 'SPF004', 61, 5, 599.00, NULL),
(3987, 'SPF004', 31, 14, 301.00, NULL),
(3988, 'SPF004', 60, 2, 1554.00, NULL),
(3989, 'SPF004', 79, 24, 72.00, NULL),
(3990, 'SPF004', 75, 13, 54.00, NULL),
(3991, 'SPF004', 112, 6, 192.00, NULL),
(3992, 'SPF004', 71, 22, 25.00, NULL),
(3993, 'SPF004', 72, 14, 37.00, NULL),
(3994, 'SPF005', 33, 14, 649.00, NULL),
(3995, 'SPF005', 58, 7, 617.00, NULL),
(3996, 'SPF005', 61, 6, 599.00, NULL),
(3997, 'SPF005', 31, 12, 301.00, NULL),
(3998, 'SPF005', 60, 3, 1554.00, NULL),
(3999, 'SPF005', 79, 16, 72.00, NULL),
(4000, 'SPF005', 75, 17, 54.00, NULL),
(4001, 'SPF005', 112, 6, 192.00, NULL),
(4002, 'SPF005', 71, 30, 25.00, NULL),
(4003, 'SPF005', 72, 17, 37.00, NULL),
(4004, 'SPF006', 33, 14, 649.00, NULL),
(4005, 'SPF006', 58, 9, 617.00, NULL),
(4006, 'SPF006', 61, 4, 599.00, NULL),
(4007, 'SPF006', 31, 8, 301.00, NULL),
(4008, 'SPF006', 60, 2, 1554.00, NULL),
(4009, 'SPF006', 79, 16, 72.00, NULL),
(4010, 'SPF006', 75, 19, 54.00, NULL),
(4011, 'SPF006', 112, 8, 192.00, NULL),
(4012, 'SPF006', 71, 31, 25.00, NULL),
(4013, 'SPF006', 72, 10, 37.00, NULL),
(4014, 'SPF007', 33, 24, 649.00, NULL),
(4015, 'SPF007', 58, 9, 617.00, NULL),
(4016, 'SPF007', 61, 5, 599.00, NULL),
(4017, 'SPF007', 31, 13, 301.00, NULL),
(4018, 'SPF007', 60, 4, 1554.00, NULL),
(4019, 'SPF007', 79, 15, 72.00, NULL),
(4020, 'SPF007', 75, 19, 54.00, NULL),
(4021, 'SPF007', 112, 8, 192.00, NULL),
(4022, 'SPF007', 71, 21, 25.00, NULL),
(4023, 'SPF007', 72, 16, 37.00, NULL),
(4024, 'SPF008', 33, 17, 649.00, NULL),
(4025, 'SPF008', 58, 6, 617.00, NULL),
(4026, 'SPF008', 61, 5, 599.00, NULL),
(4027, 'SPF008', 31, 8, 301.00, NULL),
(4028, 'SPF008', 60, 3, 1554.00, NULL),
(4029, 'SPF008', 79, 24, 72.00, NULL),
(4030, 'SPF008', 75, 12, 54.00, NULL),
(4031, 'SPF008', 112, 6, 192.00, NULL),
(4032, 'SPF008', 71, 27, 25.00, NULL),
(4033, 'SPF008', 72, 11, 37.00, NULL),
(4034, 'SPF009', 33, 19, 649.00, NULL),
(4035, 'SPF009', 58, 9, 617.00, NULL),
(4036, 'SPF009', 61, 4, 599.00, NULL),
(4037, 'SPF009', 31, 8, 301.00, NULL),
(4038, 'SPF009', 60, 3, 1554.00, NULL),
(4039, 'SPF009', 79, 20, 72.00, NULL),
(4040, 'SPF009', 75, 16, 54.00, NULL),
(4041, 'SPF009', 112, 6, 192.00, NULL),
(4042, 'SPF009', 71, 27, 25.00, NULL),
(4043, 'SPF009', 72, 16, 37.00, NULL),
(4044, 'SPF010', 33, 21, 649.00, NULL),
(4045, 'SPF010', 58, 8, 617.00, NULL),
(4046, 'SPF010', 61, 3, 599.00, NULL),
(4047, 'SPF010', 31, 10, 301.00, NULL),
(4048, 'SPF010', 60, 3, 1554.00, NULL),
(4049, 'SPF010', 79, 16, 72.00, NULL),
(4050, 'SPF010', 75, 15, 54.00, NULL),
(4051, 'SPF010', 112, 9, 192.00, NULL),
(4052, 'SPF010', 71, 21, 25.00, NULL),
(4053, 'SPF010', 72, 16, 37.00, NULL),
(4054, 'SPF011', 33, 14, 649.00, NULL),
(4055, 'SPF011', 58, 7, 617.00, NULL),
(4056, 'SPF011', 61, 6, 599.00, NULL),
(4057, 'SPF011', 31, 13, 301.00, NULL),
(4058, 'SPF011', 60, 3, 1554.00, NULL),
(4059, 'SPF011', 79, 17, 72.00, NULL),
(4060, 'SPF011', 75, 15, 54.00, NULL),
(4061, 'SPF011', 112, 7, 192.00, NULL),
(4062, 'SPF011', 71, 25, 25.00, NULL),
(4063, 'SPF011', 72, 17, 37.00, NULL),
(4064, 'SPF012', 33, 19, 649.00, NULL),
(4065, 'SPF012', 58, 9, 617.00, NULL),
(4066, 'SPF012', 61, 3, 599.00, NULL),
(4067, 'SPF012', 31, 14, 301.00, NULL),
(4068, 'SPF012', 60, 3, 1554.00, NULL),
(4069, 'SPF012', 79, 17, 72.00, NULL),
(4070, 'SPF012', 75, 19, 54.00, NULL),
(4071, 'SPF012', 112, 6, 192.00, NULL),
(4072, 'SPF012', 71, 25, 25.00, NULL),
(4073, 'SPF012', 72, 15, 37.00, NULL),
(4074, 'SPF013', 33, 17, 649.00, NULL),
(4075, 'SPF013', 58, 8, 617.00, NULL),
(4076, 'SPF013', 61, 4, 599.00, NULL),
(4077, 'SPF013', 31, 13, 301.00, NULL),
(4078, 'SPF013', 60, 4, 1554.00, NULL),
(4079, 'SPF013', 79, 18, 72.00, NULL),
(4080, 'SPF013', 75, 17, 54.00, NULL),
(4081, 'SPF013', 112, 7, 192.00, NULL),
(4082, 'SPF013', 71, 27, 25.00, NULL),
(4083, 'SPF013', 72, 15, 37.00, NULL),
(4084, 'SPF014', 33, 13, 649.00, NULL),
(4085, 'SPF014', 58, 6, 617.00, NULL),
(4086, 'SPF014', 61, 5, 599.00, NULL),
(4087, 'SPF014', 31, 13, 301.00, NULL),
(4088, 'SPF014', 60, 4, 1554.00, NULL),
(4089, 'SPF014', 79, 16, 72.00, NULL),
(4090, 'SPF014', 75, 16, 54.00, NULL),
(4091, 'SPF014', 112, 7, 192.00, NULL),
(4092, 'SPF014', 71, 26, 25.00, NULL),
(4093, 'SPF014', 72, 17, 37.00, NULL),
(4094, 'SPF015', 33, 16, 649.00, NULL),
(4095, 'SPF015', 58, 9, 617.00, NULL),
(4096, 'SPF015', 61, 3, 599.00, NULL),
(4097, 'SPF015', 31, 11, 301.00, NULL),
(4098, 'SPF015', 60, 3, 1554.00, NULL),
(4099, 'SPF015', 79, 22, 72.00, NULL),
(4100, 'SPF015', 75, 16, 54.00, NULL),
(4101, 'SPF015', 112, 7, 192.00, NULL),
(4102, 'SPF015', 71, 30, 25.00, NULL),
(4103, 'SPF015', 72, 10, 37.00, NULL),
(4104, 'SPF016', 33, 12, 649.00, NULL),
(4105, 'SPF016', 58, 8, 617.00, NULL),
(4106, 'SPF016', 61, 6, 599.00, NULL),
(4107, 'SPF016', 31, 11, 301.00, NULL),
(4108, 'SPF016', 60, 4, 1554.00, NULL),
(4109, 'SPF016', 79, 21, 72.00, NULL),
(4110, 'SPF016', 75, 19, 54.00, NULL),
(4111, 'SPF016', 112, 7, 192.00, NULL),
(4112, 'SPF016', 71, 27, 25.00, NULL),
(4113, 'SPF016', 72, 10, 37.00, NULL),
(4114, 'SPF017', 33, 22, 649.00, NULL),
(4115, 'SPF017', 58, 8, 617.00, NULL),
(4116, 'SPF017', 61, 3, 599.00, NULL),
(4117, 'SPF017', 31, 12, 301.00, NULL),
(4118, 'SPF017', 60, 4, 1554.00, NULL),
(4119, 'SPF017', 79, 19, 72.00, NULL),
(4120, 'SPF017', 75, 14, 54.00, NULL),
(4121, 'SPF017', 112, 6, 192.00, NULL),
(4122, 'SPF017', 71, 29, 25.00, NULL),
(4123, 'SPF017', 72, 16, 37.00, NULL),
(4124, 'SPF018', 33, 14, 649.00, NULL),
(4125, 'SPF018', 58, 6, 617.00, NULL),
(4126, 'SPF018', 61, 5, 599.00, NULL),
(4127, 'SPF018', 31, 9, 301.00, NULL),
(4128, 'SPF018', 60, 3, 1554.00, NULL),
(4129, 'SPF018', 79, 16, 72.00, NULL),
(4130, 'SPF018', 75, 17, 54.00, NULL),
(4131, 'SPF018', 112, 6, 192.00, NULL),
(4132, 'SPF018', 71, 27, 25.00, NULL),
(4133, 'SPF018', 72, 17, 37.00, NULL),
(4134, 'SPF019', 33, 14, 649.00, NULL),
(4135, 'SPF019', 58, 6, 617.00, NULL),
(4136, 'SPF019', 61, 5, 599.00, NULL),
(4137, 'SPF019', 31, 12, 301.00, NULL),
(4138, 'SPF019', 60, 3, 1554.00, NULL),
(4139, 'SPF019', 79, 17, 72.00, NULL),
(4140, 'SPF019', 75, 13, 54.00, NULL),
(4141, 'SPF019', 112, 8, 192.00, NULL),
(4142, 'SPF019', 71, 33, 25.00, NULL),
(4143, 'SPF019', 72, 17, 37.00, NULL),
(4144, 'SPF020', 33, 13, 649.00, NULL),
(4145, 'SPF020', 58, 5, 617.00, NULL),
(4146, 'SPF020', 61, 3, 599.00, NULL),
(4147, 'SPF020', 31, 12, 301.00, NULL),
(4148, 'SPF020', 60, 2, 1554.00, NULL),
(4149, 'SPF020', 79, 19, 72.00, NULL),
(4150, 'SPF020', 75, 15, 54.00, NULL),
(4151, 'SPF020', 112, 9, 192.00, NULL),
(4152, 'SPF020', 71, 22, 25.00, NULL),
(4153, 'SPF020', 72, 10, 37.00, NULL),
(4154, '1893878', 34, 5, 189.00, 258),
(4155, '1893878', 78, 5, 69.00, 256),
(4156, '1893878', 136, 1, 86.00, 131),
(4157, '9484826', 34, 1, 189.00, 258),
(4158, '9333996', 137, 5, 92.00, 135),
(4159, '9333996', 76, 4, 619.00, 124),
(4160, '6066228', 37, 1, 189.00, NULL),
(4161, '6066228', 34, 1, 189.00, 258),
(4162, '6066228', 38, 1, 22.75, 230),
(4163, '6066228', 33, 1, 649.00, NULL),
(4164, '0188748', 34, 1, 189.00, 258),
(4165, '0188748', 33, 3, 649.00, NULL),
(4166, '5110833', 33, 1, 649.00, NULL),
(4167, '4730937', 34, 5, 189.00, 258),
(4168, '4730937', 38, 1, 22.75, 230),
(4169, '8078269', 33, 1, 649.00, NULL),
(4170, '8078269', 36, 6, 140.00, NULL),
(4171, '8078269', 32, 1, 234.00, NULL),
(4172, '5269886', 33, 1, 649.00, NULL),
(4173, '5269886', 36, 7, 140.00, NULL),
(4174, '5269886', 32, 1, 234.00, NULL),
(4175, '7044195', 36, 1, 140.00, NULL),
(4176, '8082829', 33, 1, 649.00, NULL),
(4177, '6843187', 31, 1, 301.00, NULL),
(4178, '8832478', 31, 4, 301.00, NULL),
(4179, '0997085', 50, 1, 185.00, NULL),
(4180, '9390775', 34, 3, 189.00, 258),
(4181, '9087688', 33, 1, 649.00, NULL),
(4182, '1590932', 34, 1, 189.00, 258),
(4183, '6451638', 31, 1, 301.00, NULL),
(4184, '6246765', 33, 1, 649.00, NULL);

-- --------------------------------------------------------

--
-- Table structure for table `order_reports`
--

CREATE TABLE `order_reports` (
  `id` int NOT NULL,
  `order_id` char(7) NOT NULL,
  `user_id` int NOT NULL,
  `issue_type` varchar(50) NOT NULL,
  `description` text NOT NULL,
  `status` enum('pending','in_progress','resolved','rejected') DEFAULT 'pending',
  `created_at` timestamp NULL DEFAULT CURRENT_TIMESTAMP,
  `updated_at` timestamp NULL DEFAULT CURRENT_TIMESTAMP ON UPDATE CURRENT_TIMESTAMP,
  `admin_response` text,
  `resolved_at` timestamp NULL DEFAULT NULL
) ENGINE=InnoDB DEFAULT CHARSET=utf8mb4 COLLATE=utf8mb4_0900_ai_ci;

-- --------------------------------------------------------

--
-- Table structure for table `order_reviews`
--

CREATE TABLE `order_reviews` (
  `id` int NOT NULL,
  `order_id` char(7) NOT NULL,
  `user_id` int NOT NULL,
  `rating` int NOT NULL,
  `comment` text,
  `created_at` timestamp NULL DEFAULT CURRENT_TIMESTAMP,
  `updated_at` timestamp NULL DEFAULT CURRENT_TIMESTAMP ON UPDATE CURRENT_TIMESTAMP
) ENGINE=InnoDB DEFAULT CHARSET=utf8mb4 COLLATE=utf8mb4_0900_ai_ci;

--
-- Dumping data for table `order_reviews`
--

INSERT INTO `order_reviews` (`id`, `order_id`, `user_id`, `rating`, `comment`, `created_at`, `updated_at`) VALUES
(12, 'FC0131', 1000, 5, 'xcz', '2025-07-04 07:43:36', '2025-07-04 07:43:36');

-- --------------------------------------------------------

--
-- Table structure for table `payment_intents`
--

CREATE TABLE `payment_intents` (
  `id` int NOT NULL,
  `order_id` varchar(255) NOT NULL,
  `payment_intent_id` varchar(255) DEFAULT NULL,
  `source_id` varchar(255) DEFAULT NULL,
  `amount` decimal(10,2) NOT NULL,
  `status` enum('pending','succeeded','failed') DEFAULT 'pending',
  `created_at` timestamp NULL DEFAULT CURRENT_TIMESTAMP,
  `updated_at` timestamp NULL DEFAULT CURRENT_TIMESTAMP ON UPDATE CURRENT_TIMESTAMP,
  `payment_link_id` varchar(255) DEFAULT NULL,
  `reference_number` varchar(255) DEFAULT NULL,
  `paymongo_link_id` varchar(255) DEFAULT NULL,
  `webhook_received_at` timestamp NULL DEFAULT NULL,
  `paid_at` timestamp NULL DEFAULT NULL
) ENGINE=InnoDB DEFAULT CHARSET=utf8mb4 COLLATE=utf8mb4_0900_ai_ci;

--
-- Dumping data for table `payment_intents`
--

INSERT INTO `payment_intents` (`id`, `order_id`, `payment_intent_id`, `source_id`, `amount`, `status`, `created_at`, `updated_at`, `payment_link_id`, `reference_number`, `paymongo_link_id`, `webhook_received_at`, `paid_at`) VALUES
(1, '7544602', NULL, 'src_pepjq2eNuy7Ld3UWdTzeBmwm', 649.00, 'succeeded', '2025-07-04 02:17:30', '2025-07-04 02:17:33', NULL, NULL, NULL, NULL, NULL),
(9, '5894232', NULL, NULL, 945.00, 'succeeded', '2025-07-04 03:27:16', '2025-07-04 03:27:41', 'link_HYRe23wGSV4Bcxdzbwdg9sYP', '7xqAy45', 'link_HYRe23wGSV4Bcxdzbwdg9sYP', NULL, NULL),
(10, '6780108', NULL, NULL, 189.00, 'succeeded', '2025-07-04 03:28:24', '2025-07-04 03:28:48', 'link_XCLzmcNneThNv2Yo733bNQ4h', '8FpVys4', 'link_XCLzmcNneThNv2Yo733bNQ4h', NULL, NULL),
(12, '9484826', NULL, NULL, 189.00, 'succeeded', '2025-07-04 06:09:55', '2025-07-04 06:10:27', 'link_zyV6kBCTgtpeFjVik8uUzyTM', 'RwFy7sp', 'link_zyV6kBCTgtpeFjVik8uUzyTM', NULL, NULL),
(14, '6066228', NULL, NULL, 1049.75, 'succeeded', '2025-07-04 06:13:37', '2025-07-04 06:14:04', 'link_wfab8WuejziDWpUNC3BPfJKj', 'MzDGucm', 'link_wfab8WuejziDWpUNC3BPfJKj', NULL, NULL),
(16, '4730937', NULL, NULL, 967.75, 'succeeded', '2025-07-04 06:19:18', '2025-07-04 06:19:35', 'link_cJBMsvpyKQLUJpGgd5JdGwbv', 'bowKE8t', 'link_cJBMsvpyKQLUJpGgd5JdGwbv', NULL, NULL);

-- --------------------------------------------------------

--
-- Table structure for table `products`
--

CREATE TABLE `products` (
  `products_id` int NOT NULL,
  `name` varchar(255) NOT NULL,
  `description` text NOT NULL,
  `price` decimal(10,2) NOT NULL,
  `stock_quantity` int NOT NULL,
  `category` varchar(255) NOT NULL,
  `image` varchar(255) DEFAULT NULL,
  `created_at` timestamp NULL DEFAULT CURRENT_TIMESTAMP,
  `updated_at` timestamp NULL DEFAULT CURRENT_TIMESTAMP ON UPDATE CURRENT_TIMESTAMP
) ENGINE=InnoDB DEFAULT CHARSET=utf8mb4 COLLATE=utf8mb4_0900_ai_ci;

--
-- Dumping data for table `products`
--

INSERT INTO `products` (`products_id`, `name`, `description`, `price`, `stock_quantity`, `category`, `image`, `created_at`, `updated_at`) VALUES
(31, 'Alfonso 1 1Liter', 'brandy-type spirit prepared with medium and high-strength wine spirits, 77% and 94% Alc./Vol. aged in oak casks. ', 301.00, 998, 'Beverages', 'https://i.ibb.co/jPyMQ6tH/2bf48b084634.png', '2025-03-31 23:21:29', '2025-08-05 14:10:11'),
(32, 'Alfonso 1 700mL', 'brandy-type spirit prepared with medium and high-strength wine spirits, 77% and 94% Alc./Vol. aged in oak casks. ', 234.00, 993, 'Beverages', 'https://i.ibb.co/wjnnCRK/7928f679733c.png', '2025-03-31 23:22:15', '2025-08-05 12:17:04'),
(33, 'Alfonso 1 1.75Liter', 'brandy-type spirit prepared with medium and high-strength wine spirits, 77% and 94% Alc./Vol. aged in oak casks. ', 649.00, 974, 'Beverages', 'https://i.ibb.co/N2t2GD8s/5da50a598cd4.png', '2025-03-31 23:22:59', '2025-08-05 14:10:21'),
(34, 'GSM Mojito', 'offers a refreshing blend of gin infused with mint and lime flavors, reminiscent of a traditional Mojito cocktail. It tends to have a crisp and citrusy profile with a hint of herbal notes from the mint.', 0.00, 72, 'Beverages', 'https://i.ibb.co/60Bw2QX7/6a76cc18e196.png', '2025-03-31 23:28:23', '2025-07-03 18:59:39'),
(36, 'Primera Light 750mL', 'A unique 55-proof brandy liqueur masterpiece made with fine imported ingredients from Spain. It is exquisitely blended with Solera Gran Reserva Brandy concentrate. Gives a distinctly flavorful aroma and exceptional taste. Delivering a light character and smooth throat-feel.', 140.00, 73, 'Beverages', 'https://i.ibb.co/0pCHgRnP/6b834d85cc3b.png', '2025-03-31 23:34:49', '2025-08-05 14:10:06'),
(37, 'Primera Light 1Liter', 'A unique 55-proof brandy liqueur masterpiece made with fine imported ingredients from Spain. It is exquisitely blended with Solera Gran Reserva Brandy concentrate. Gives a distinctly flavorful aroma and exceptional taste. Delivering a light character and smooth throat-feel.', 189.00, 94, 'Beverages', 'https://i.ibb.co/ZjVBQQm/54ecebf9dc9f.png', '2025-03-31 23:35:27', '2025-07-04 06:13:37'),
(38, 'Lucky 7 Corned Beef ', 'organic-free corned beef multipack', 0.00, 196, 'Canned Goods', 'https://i.ibb.co/MD9MDJ5q/d66d18901a73.png', '2025-03-31 23:37:33', '2025-07-03 18:36:10'),
(41, 'Lucky 7 Meat Loaf 150g', 'organic-free corned beef multipack', 22.50, 50, 'Canned Goods', 'https://i.ibb.co/tTMm9hg9/bf73f6e95a5d.png', '2025-03-31 23:42:51', '2025-07-03 18:32:12'),
(45, 'Datu Patis ', '#1 fish sauce in the Philippines.', 0.00, 95, 'Condiments', 'https://i.ibb.co/0Ry6CFm6/51d8ce58dd9f.png', '2025-04-01 01:25:10', '2025-07-03 18:55:44'),
(47, 'UFC Ketchup', 'unique blend of fresh spices and select bananas that provide the tamis anghang (sweet and spicy) flavor. ', 0.00, 100, 'Condiments', 'https://i.ibb.co/j9gnXrxH/cecb6672ce73.png', '2025-04-01 01:27:23', '2025-07-03 18:55:01'),
(48, 'Argentina Corned Beef', 'No. 1 corned beef brand that has the food qualities consumer most value', 0.00, 100, 'Canned Goods', 'https://i.ibb.co/W46GfnGB/d19d7b986670.png', '2025-04-01 01:32:37', '2025-07-03 18:28:05'),
(50, 'Primera Light 1Liter', 'a unique 55-proof brandy liqueur masterpiece', 185.00, 17, 'Beverages', 'https://i.ibb.co/ZjVBQQm/54ecebf9dc9f.png', '2025-04-01 01:41:56', '2025-08-05 14:10:01'),
(51, 'May Sparkle Red', 'A non-alcoholic beverage from freshly-pressed and carefully-selected Belgium Grapes.', 0.00, 6, 'Beverages', 'https://i.ibb.co/Wv5gFDjr/d75fc84e5138.png', '2025-04-01 01:43:28', '2025-04-01 09:04:28'),
(52, 'Novellino 750mL', 'Novellino Wild Blackberry is a casual wine vinified from choice vitis vinifera grapes in the tradition of fine Italian winemaking', 270.00, 5, 'Beverages', 'https://i.ibb.co/278v021y/05b8707b2772.png', '2025-04-01 01:45:11', '2025-06-19 01:02:00'),
(53, 'The Bar Dry Gin 335mL ', ' a world-class gin infused with imported botanicals from Spain that gives it a delicious burst of flavor not found in local gin products', 55.00, 6, 'Beverages', 'https://i.ibb.co/jkNpPRn2/4cd7e58417a4.png', '2025-04-01 01:46:37', '2025-04-16 23:31:00'),
(54, 'The Bar Pink 335mL', ' a world-class gin infused with imported botanicals from Spain that gives it a delicious burst of flavor not found in local gin products', 55.00, 58, 'Beverages', 'https://i.ibb.co/hxGrvfmq/a6f137b5983c.png', '2025-04-01 01:47:16', '2025-05-18 22:14:33'),
(55, 'The Bar Lime 335mL', ' a world-class gin infused with imported botanicals from Spain that gives it a delicious burst of flavor not found in local gin products', 55.00, 6, 'Beverages', 'https://i.ibb.co/8gggkGVx/49ad7f791839.png', '2025-04-01 01:47:46', '2025-04-01 09:18:04'),
(56, 'Emperador 750mL', ' brand of cut brandy and brandy produced by Emperador Inc.', 142.00, 50, 'Beverages', 'https://i.ibb.co/mrbVVg4L/daf1bf6947ad.png', '2025-04-01 01:51:17', '2025-04-01 09:18:46'),
(57, 'Emperador 1Liter', ' brand of cut brandy and brandy produced by Emperador Inc.', 185.00, 49, 'Beverages', 'https://i.ibb.co/VckXJTFG/ecd6f3d61a21.png', '2025-04-01 01:52:01', '2025-06-12 00:45:48'),
(58, 'Red Horse Beer per Case', 'beer', 617.00, 79, 'Beverages', 'https://i.ibb.co/F4fd74z2/2843dba65b63.png', '2025-04-01 09:27:22', '2025-06-12 01:26:02'),
(59, 'San Mig Light || Apple per Case', 'flavored beer', 0.00, 52, 'Beverages', 'https://i.ibb.co/dwTNCfJV/b0926c017020.png', '2025-04-08 12:30:05', '2025-07-03 19:07:55'),
(60, 'Ginebra per Case', 'delivers a clean, juniper-forward taste, complemented by subtle hints of citrus and spice', 1554.00, 200, 'Beverages', 'https://i.ibb.co/C3MZ5YvK/0b2cffba62af.png', '2025-04-08 12:59:46', '2025-04-08 12:59:46'),
(61, 'San Miguel Beer per case', 'full-flavored taste complements its pleasant aroma, making it a perfectly balanced beer', 599.00, 29, 'Beverages', 'https://i.ibb.co/FqyQ2D5Z/2b8cb868bbda.png', '2025-04-08 13:03:06', '2025-04-20 09:00:51'),
(62, 'Argentina Meat Loaf', 'made from quality meat that\'s seasoned with the most flavorful yet kid-friendly spices', 0.00, 99, 'Canned Goods', 'https://i.ibb.co/zTRL3z2K/67acda401865.png', '2025-04-08 13:13:02', '2025-07-03 18:33:38'),
(63, 'Wow Ulam', 'brand of canned and fresh processed meat products from Century Pacific Food Inc.', 23.00, 99, 'Canned Goods', 'https://i.ibb.co/nNMdv4zm/8eaa96b1b065.png', '2025-04-08 14:09:14', '2025-06-11 09:20:10'),
(64, 'Century Tuna', 'a leading canned tuna brand in the Philippines, known for its healthy, delicious, and convenient options,', 0.00, 150, 'Canned Goods', 'https://i.ibb.co/FbXNJm1m/c00050cbdeba.png', '2025-04-08 14:14:26', '2025-07-03 18:41:53'),
(65, 'Blue Bay', 'Manamis-namis. Deliciously irresistible. Unmistakably fresh. The sea`s bounty and farm`s harvest make one delightful feast.', 0.00, 199, 'Canned Goods', 'https://i.ibb.co/vxtvqDpM/cc9c981cfeb3.png', '2025-04-08 14:18:53', '2025-07-03 18:39:02'),
(66, '555 Tuna', 'the “Super Ulam Pinoy” because it is rich in calcium for stronger bones, protein for muscle building, lycopene for cancer prevention', 26.00, 49, 'Canned Goods', 'https://i.ibb.co/Y7jbJpZ9/0f06ee53e48d.png', '2025-04-08 14:21:01', '2025-04-20 09:03:16'),
(67, 'CDO Karne Norte', 'a Filipino-style corned beef that has a delicious guisado taste', 0.00, 99, 'Canned Goods', 'https://i.ibb.co/KjNHwTmS/6ef04ff0da58.png', '2025-04-08 14:23:53', '2025-07-03 18:37:55'),
(68, 'Bingo Corned Beef', 'a canned, ready-to-eat corned beef product, specially prepared with beef and savory seasonings, and fortified with zinc and iron', 0.00, 50, 'Canned Goods', 'https://i.ibb.co/BH4TXJBC/d226081191f0.png', '2025-04-08 14:26:27', '2025-07-03 18:30:03'),
(69, 'San Marino', 'has the delicious taste and health benefits of tuna', 0.00, 100, 'Canned Goods', 'https://i.ibb.co/ns3PXZPS/e9feba69ac43.png', '2025-04-08 14:34:10', '2025-07-03 18:34:52'),
(70, 'Fresca Tuna', 'It\'s a great alternative to the usual sardines, giving you more value for your money while staying within your budget.', 26.50, 100, 'Canned Goods', 'https://i.ibb.co/j9QJQfM7/2e963da1932c.png', '2025-04-08 14:37:38', '2025-04-08 14:37:38'),
(71, 'Hunts Pork and Beans', '#1 brand of Pork & Beans in the Philippines. It is made from high quality Great Northern Beans and real pork bits covered in rich, thick, sweet tomato sauce.', 0.00, 50, 'Canned Goods', 'https://i.ibb.co/rGVdMcgd/716c7cd11ed1.png', '2025-04-08 14:39:42', '2025-07-03 18:31:15'),
(72, 'Bear Brand', ' a Nestlé-owned milk brand, particularly popular in the Philippines, offering both sterilized milk and fortified powdered milk drinks, known for providing essential nutrients and supporting overall health and well-being. ', 0.00, 150, 'Milk and Chocolate Drink', 'https://i.ibb.co/1fKNBZTT/b2969e594b9d.png', '2025-04-08 14:52:24', '2025-06-27 06:11:21'),
(73, 'Bear Brand Adult', 'a powdered milk drink specially formulated for adults aged 19-29, designed to provide essential nutrients, including calcium, vitamin D, and B-vitamins, to support energy and immunity, and help close daily nutrition gaps. ', 0.00, 14, 'Milk and Chocolate Drink', 'https://i.ibb.co/3mr1fM35/60153400556e.png', '2025-04-08 14:58:08', '2025-06-27 06:14:57'),
(74, 'Bear Brand Choco', ' a chocolate-flavored powdered milk drink fortified with essential nutrients like iron, zinc, and vitamin C, designed for individuals aged 3 and up to support strong immunity and overall well-being', 0.00, 1221, 'Milk and Chocolate Drink', 'https://i.ibb.co/nMPC557v/b9527d3d54b3.png', '2025-04-08 15:00:50', '2025-06-27 06:12:26'),
(75, 'Milo', 'a chocolate-flavored malted beverage powder created by Nestlé, known for its unique choco-malty flavor and often mixed with milk or water to create a nutritious and delicious drink, especially popular among children and those seeking an energy boost. ', 0.00, 42547, 'Milk and Chocolate Drink', 'https://i.ibb.co/7NrmLyxz/6d157cac0a1f.png', '2025-04-08 15:05:20', '2025-06-27 06:24:28'),
(76, 'Birch Tree', ' known for its affordable price and high-quality nutrition, with a focus on fortified milk for children and adults. ', 0.00, 22, 'Milk and Chocolate Drink', 'https://i.ibb.co/xK9CjyBV/e407420a9dcb.png', '2025-04-08 15:10:11', '2025-06-27 06:31:05'),
(77, 'Del Monte Ketchup', 'made from real, high-quality tomatoes, naturally contains lycopene, and is guaranteed to have no preservatives, offering a rich tomato flavor and a sweet-sour taste for delicious dips and meals', 49.00, 18, 'Condiments', 'https://i.ibb.co/jmzv3ZM/728ac9940fe7.png', '2025-04-08 22:48:17', '2025-06-13 17:16:24'),
(78, 'Lorins Patis', 'a popular, tangy Filipino fish sauce, ideal as a dipping sauce or cooking ingredient for a wide variety of dishes, including seafood, meat, poultry, vegetables, and Filipino favorites like sinigang and nilaga. ', 0.00, 20, 'Condiments', 'https://i.ibb.co/3yZ5qszC/df3e929a28ec.png', '2025-04-08 23:02:19', '2025-07-03 18:56:23'),
(79, 'Sugar per kg', 'brown and white refined', 72.00, 300, 'Condiments', 'https://i.ibb.co/xK5TGqzf/2eb5e49aefb7.png', '2025-04-08 23:06:43', '2025-04-08 23:12:13'),
(80, 'Salt per kg', 'sea salt', 12.00, 200, 'Condiments', 'https://i.ibb.co/j9LdB8xH/50a57d229f22.png', '2025-04-08 23:08:19', '2025-04-08 23:08:19'),
(81, 'Paminta per Tie', 'whole and ground black pepper', 8.00, 100, 'Condiments', 'https://i.ibb.co/N6RqFRg8/3912cb5cc3e9.png', '2025-04-08 23:10:07', '2025-04-08 23:10:07'),
(82, 'Laurel per Tie', 'is an evergreen plant used to add flavor to dishes. It is used in cuisines all over the world for flavoring especially stews and broths, marinades, meat and fish dishes, gravies, and game.', 8.00, 30, 'Condiments', 'https://i.ibb.co/1Gg3Rqmt/c68fa580806f.png', '2025-04-08 23:11:30', '2025-06-11 07:32:15'),
(83, 'Mafran Banana Catsup', 'formulated from choice spices, natural flavor and aroma of banana', 95.00, 12, 'Condiments', 'https://i.ibb.co/jP5X36rq/dc20ac6e0fce.png', '2025-04-08 23:13:42', '2025-04-08 23:13:42'),
(84, 'Dip Catsup Gallon', 'often used as a dip or a topping for various dishes, characterized by its sweet and tangy flavor', 99.00, 12, 'Condiments', 'https://i.ibb.co/KjDjv9WP/00bb85cf904b.png', '2025-04-08 23:15:01', '2025-04-08 23:15:01'),
(85, '555 Karne Norte', ' a locally manufactured corned beef, known for its quality and affordability, made with selected beef, hashed, and hygienically processed under international standards, ready to eat. ', 0.00, 30, 'Canned Goods', 'https://i.ibb.co/xtWHP4pc/d786693a1768.png', '2025-04-08 23:17:10', '2025-07-03 18:45:04'),
(86, '555 Tausi', 'a popular Filipino canned food featuring fried sardines in a savory-sweet sauce with the distinct flavor of fermented black beans (tausi)', 33.00, 10, 'Canned Goods', 'https://i.ibb.co/B5zmwwY5/47dcc1b0cebc.png', '2025-04-08 23:18:12', '2025-04-08 23:18:12'),
(89, 'Lucky 7 Sardines', ' a budget-friendly, canned sardine option in tomato sauce, known for their savory taste and affordability, making them a popular choice for daily meals. ', 0.00, 45, 'Canned Goods', 'https://i.ibb.co/JRzY9m7R/054a358ac5dc.png', '2025-04-08 23:26:01', '2025-07-03 18:49:40'),
(90, 'Atami Sardines', 'A delightful and flavorful seafood choice that combines the natural goodness of sardines', 0.00, 50, 'Canned Goods', 'https://i.ibb.co/sdNR2j4f/0f5b60542f2a.png', '2025-04-08 23:28:21', '2025-07-03 18:51:53'),
(91, 'Master Sardines', 'known for their premium quality, sourced from the depths of the ocean and expertly preserved to retain natural flavors and nutritional goodness, with a focus on a quick catch-to-can process. ', 0.00, 99, 'Canned Goods', 'https://i.ibb.co/ksGrTmWD/8c3590d7e350.png', '2025-04-08 23:31:56', '2025-07-03 18:51:12'),
(92, 'trytry test', 'jm garis', 100.00, 20, 'Beverages', 'https://i.ibb.co/pjrnNm07/59cc32c572c3.jpg', '2025-05-18 23:05:23', '2025-06-11 08:38:19'),
(97, 'Saba Mackarel', 'Saba mackerel, also known as Japanese mackerel or blue mackerel, is a flavorful and oily fish, particularly prized in Japanese cuisine', 0.00, 120, 'Canned Goods', 'https://i.ibb.co/ZRkbT3RJ/0e0921a17a8a.png', '2025-06-18 12:49:21', '2025-06-18 15:20:57'),
(98, 'Mega Mackarel', '155g, Mega Mackerel is a canned mackerel product known for its big, flavorful chunks and versatility in Filipino dishes.', 33.00, 24, 'Canned Goods', 'https://i.ibb.co/6cB1crnb/dd7ac057568c.png', '2025-06-18 12:51:19', '2025-07-03 18:45:54'),
(99, 'Saba Sardines Large', 'Saba sardines are a popular brand of canned sardines known for their firm, meaty texture and distinct flavor, particularly in the Philippines. ', 0.00, 100, 'Canned Goods', 'https://i.ibb.co/rfs5Z80w/b381e12b66d0.png', '2025-06-18 12:53:45', '2025-06-19 01:30:25'),
(100, 'Saba Squid', 'Saba squid, specifically referring to products like \"Saba Squid in Soy Sauce\" or \"Saba Squid Sisig,\" is a Filipino delicacy featuring tender squid pieces cooked and preserved in a savory sauce, often with soy sauce and chili. ', 0.00, 70, 'Canned Goods', 'https://i.ibb.co/0jfpC22s/6b0257b01d55.png', '2025-06-18 12:56:21', '2025-06-19 01:30:44'),
(101, 'Mega Squid', 'A mega squid, as depicted in The Future is Wild, is a large, terrestrial, omnivorous animal, standing 4 meters tall and weighing 8 tonnes, with a body structure that is a mix of squid and terrestrial animal features', 0.00, 30, 'Canned Goods', 'https://i.ibb.co/CsXsKJQT/bb0835eb7714.png', '2025-06-18 12:58:29', '2025-06-18 15:25:50'),
(102, 'Rosebowl Sardines', 'They are a classic and well-regarded brand, often described as a favorite among many generations. The sardines are packed in a flavorful tomato sauce, and some varieties include a spicy chili kick', 0.00, 100, 'Canned Goods', 'https://i.ibb.co/MyCtkwpC/da06407e203a.png', '2025-06-18 13:01:09', '2025-06-19 01:28:34'),
(103, 'MaLing', 'Maling is a brand of canned luncheon meat, often made with pork, that is popular in Asia, particularly in the Philippines and other Southeast Asian countries. It\'s known for its savory and slightly salty flavor, smooth texture, and versatility in various dishes. ', 0.00, 48, 'Canned Goods', 'https://i.ibb.co/SzRjMZP/499e0e083344.png', '2025-06-18 13:03:03', '2025-06-19 01:31:03'),
(104, 'TigaBunga Squid', 'Tiga Bunga is a brand known for its canned squid in natural ink', 0.00, 62, 'Canned Goods', 'https://i.ibb.co/hNbLLDr/0afd5347f839.png', '2025-06-18 13:05:07', '2025-06-19 01:37:51'),
(105, 'Reno Liver Spread', 'Reno Liver Spread is a Filipino canned liver spread, typically made from a mixture of pureed pork liver, poultry meat, cereals, vegetable oil, and spices.', 0.00, 160, 'Canned Goods', 'https://i.ibb.co/ZRds181S/2d7e7dcbc1ad.png', '2025-06-18 13:11:53', '2025-06-19 01:29:20'),
(106, 'Philips Sausage', 'Philips is a well-known food brand in the Philippines, recognized for its canned goods, particularly its Vienna sausage. Philips Vienna Sausage is known for its quality and affordable price, making it a popular choice for Filipino families.', 26.00, 30, 'Canned Goods', 'https://i.ibb.co/1fXgkHCY/93501a584679.png', '2025-06-18 13:13:30', '2025-06-18 13:13:30'),
(107, 'Koolers per Box', 'Koolers is a brand of juice drinks known for their fruity and refreshing flavors, often marketed as a fun and healthy way to start the day', 0.00, 200, 'Beverages', 'https://i.ibb.co/zhdYJH9K/9cd95abc48cc.png', '2025-06-18 13:18:31', '2025-06-19 01:38:09'),
(108, 'Wilkins 7 Liter', 'a brand of purified drinking water, recognized for its quality and safety.', 88.00, 12, 'Beverages', 'https://i.ibb.co/yn8NpYs2/67e034629cb9.png', '2025-06-18 13:20:07', '2025-06-18 13:20:07'),
(109, 'Refresh Mineral 350mL (sold per case)', 'a brand of bottled water known for its natural, clean taste, sourced directly from springs, and its eco-friendly packaging', 150.00, 20, 'Beverages', 'https://i.ibb.co/F13xwP6/641c5d6df4ec.png', '2025-06-18 13:21:40', '2025-06-18 13:21:40'),
(110, 'Cobra (per case)', 'Cobra is an energy drink, primarily available in the Philippines, known for its orange flavor and ability to provide an energy boost', 207.00, 20, 'Beverages', 'https://i.ibb.co/n8ZzykdX/79aa8145fe83.png', '2025-06-18 13:24:11', '2025-06-18 13:24:11'),
(111, 'Sting (per case)', 'Sting is a carbonated energy drink, produced by PepsiCo Vietnam, designed to provide a boost of energy and focus.', 200.00, 30, 'Beverages', 'https://i.ibb.co/DfwDcqLh/ad3f161a5e26.png', '2025-06-18 13:25:06', '2025-06-18 13:25:06'),
(112, 'Mountain Dew (per case)', 'Mountain Dew is a citrus-flavored, caffeinated soft drink known for its unique, tangy taste and vibrant, slightly neon green color. It\'s a popular choice for those seeking a refreshing, energizing beverage, often enjoyed during activities or with meals.', 192.00, 100, 'Beverages', 'https://i.ibb.co/YBRdJfsP/d62cc77c8cd9.png', '2025-06-18 13:25:58', '2025-07-03 09:57:03'),
(113, 'Coke/Royal/Sprite Mismo (per case)', 'Coke, Royal, and Sprite, all from The Coca-Cola Company, are popular carbonated soft drinks.', 0.00, 200, 'Beverages', 'https://i.ibb.co/ksMvMh8H/eccf0110a173.png', '2025-06-18 13:28:32', '2025-06-18 13:31:28'),
(114, '1.5L Coke/Royal/Sprite (per case)', 'Coke, Royal, and Sprite, all from The Coca-Cola Company, are popular carbonated soft drinks.', 0.00, 30, 'Beverages', 'https://i.ibb.co/Y7W1c1pc/5ca33bf6a13a.png', '2025-06-18 13:31:03', '2025-06-19 01:38:30'),
(115, 'Rebisco Crackers', 'Rebisco Crackers are a classic Filipino snack known for their light, crispy texture and subtle, slightly salty taste. ', 58.00, 10, 'Biscuits', 'https://i.ibb.co/dsfRcZN6/130d3bde1284.png', '2025-06-18 14:31:05', '2025-06-18 14:31:05'),
(116, 'Flavored Rebisco Crackers', 'Rebisco offers a variety of flavored cracker sandwiches with creamy fillings. Popular flavors include chocolate, strawberry, cream, and butter, often sold in packs of 10. Some also feature peanut butter or pastillas fillings. Rebisco also offers whole wheat crackers and other flavored options like honey butter. ', 0.00, 90, 'Biscuits', 'https://i.ibb.co/9k7PNJ5m/4a91171d5a1d.png', '2025-06-18 14:34:03', '2025-06-19 01:38:48'),
(117, 'Frootees', 'Frootees are a line of flavored shortcake cookies, marketed as a nutritious and filling snack for kids. They are known for being high in Vitamin C and Zinc, which are believed to boost the immune system and potentially improve focus.', 58.00, 150, 'Biscuits', 'https://i.ibb.co/yBPRRSdC/ab0f7e9ac462.png', '2025-06-18 14:38:31', '2025-06-18 14:38:31'),
(118, 'Rebisco Extreme', 'Rebisco Extreme is a chocolate-flavored biscuit that features a combination of chocolate crackers, a chocolate filling, a chocolate coating, and chocolate sprinkles', 58.00, 150, 'Biscuits', 'https://i.ibb.co/S73MB8X3/41a3498b084b.png', '2025-06-18 14:39:14', '2025-06-18 14:39:14'),
(119, 'Hansel Crackers', '12 pieces of creamy, sweet-salty plain crackers perfect for sharing with the family! Best paired with coffee, juice, spreads and toppings to cap off a long day with your loved ones!', 58.00, 150, 'Biscuits', 'https://i.ibb.co/TD3tB6wp/ee0a6c972314.png', '2025-06-18 14:40:24', '2025-06-18 14:40:24'),
(120, 'Flavored Hansel', 'Hansel sandwiches are soft, salty-sweet biscuit sandwiches with a creamy filling, available in a variety of flavors. They are known for their distinct aroma and are a popular Filipino snack. The \"Flavor Bunch\" variety includes Mocha, Milk, Chocolate, Butter, and Milky Strawberry flavors. ', 0.00, 750, 'Biscuits', 'https://i.ibb.co/bMM1N0hJ/e97cce0da8f0.png', '2025-06-18 14:44:52', '2025-06-19 01:39:05'),
(121, 'Combi', 'Combi biscuits, specifically the Rebisco Combi Triple Choco, are a snack consisting of a chocolate cream filling sandwiched between a crunchy chocolate cracker and a chocolate wafer.', 62.00, 60, 'Biscuits', 'https://i.ibb.co/1JjyTthp/80e642aa710b.png', '2025-06-18 14:45:46', '2025-06-18 14:45:46'),
(122, 'Choco Mucho (per box)', 'Choco Mucho biscuits are bite-sized treats known for their combination of rolled wafer, caramel, rice crispies, and creamy chocolate. ', 0.00, 50, 'Biscuits', 'https://i.ibb.co/67LSfJWD/6addd661a002.png', '2025-06-18 14:48:20', '2025-06-18 15:29:31'),
(123, 'Wafertime Rich Cream', 'Wafertime Rich Cream biscuits are flat wafer sandwiches with a rich, creamy filling. Rebisco\'s Wafertime Rich Cream in particular, features a deliciously rich chocolate filling abundantly present in every bite. ', 70.00, 20, 'Biscuits', 'https://i.ibb.co/G3ftYQdJ/3ee6834bd091.png', '2025-06-18 14:50:17', '2025-06-18 14:50:17'),
(124, 'Super Thin ', 'Super thin biscuits are light, crispy, and delicate crackers, often described as having the texture of a chip. They are known for their thinness and satisfying crunch, often paired with a subtle sweetness and a hint of milk flavor. ', 0.00, 20, 'Biscuits', 'https://i.ibb.co/5X7t0yFM/8fb7551ce701.png', '2025-06-18 14:51:38', '2025-06-18 15:20:35'),
(125, 'Bravo Biscuit', 'known for their unique sweet-salty taste and are packed with vitamins B1, B2, and E. They feature a blend of sugar and sesame seeds, offering a distinctive flavor profile', 58.00, 20, 'Biscuits', 'https://i.ibb.co/Kc304qg6/fd1dbaceef5e.png', '2025-06-18 14:52:55', '2025-06-18 14:52:55'),
(126, 'Rebisco Honey Butter', 'Rebisco Honey Butter Crackers are crunchy, sweet and savory biscuits. They are flavored with honey and butter, and have a subtle sweetness from the honey and a rich, buttery taste.', 58.00, 10, 'Biscuits', 'https://i.ibb.co/WvyTfVmf/b17663b06ee9.png', '2025-06-18 15:07:04', '2025-06-18 15:07:04'),
(127, 'Fudgee Bar', 'Fudgee Barr is a popular Philippine snack, Fudgee Barr is available in various flavors, including chocolate, macapuno (coconut), milk, vanilla, mocha, and salted caramel. A combo pack with assorted flavors is also available. ', 0.00, 200, 'Biscuits', 'https://i.ibb.co/W4FMNyVL/6c0d792aad26.png', '2025-06-18 15:11:39', '2025-06-19 01:39:32'),
(128, 'Cupp Keyk Assorted', 'Cupp Keyk Assorted is a selection of Filipino-style mini cupcakes with a variety of flavors, known for their moist and delicious cake base and enjoyable toppings.', 67.00, 10, 'Biscuits', 'https://i.ibb.co/dJzzQhZQ/f0fd56b261e3.png', '2025-06-18 15:13:43', '2025-06-18 15:13:43'),
(129, 'Topps Sarap ', 'Topps Sarap is a brand of compact, single-serving cupcakes that are known for their rich and creamy filling, thick frosting, and toppings like star sprinkles', 0.00, 30, 'Biscuits', 'https://i.ibb.co/JFxPhLw5/3f865e3665f4.png', '2025-06-18 15:15:47', '2025-06-18 15:20:00'),
(130, 'Brownie Break', 'Brownie Break is a brand of individually wrapped, chewy, bite-sized brownies.', 75.00, 30, 'Biscuits', 'https://i.ibb.co/Ld2y9y6C/3f859b3e89e7.png', '2025-06-18 15:17:49', '2025-06-18 15:17:49'),
(131, '555 Karne Norte', ' a locally manufactured corned beef, known for its quality and affordability, made with selected beef, hashed, and hygienically processed under international standards, ready to eat. ', 0.00, 100, 'Canned Goods', 'https://i.ibb.co/XxwWhW35/12816c9121e9.png', '2025-06-18 16:18:16', '2025-06-18 16:18:42'),
(132, 'Ligo Sardines', 'Ligo sardines, a popular Filipino brand, are known for their high-quality sardines packed in a flavorful tomato sauce.', 0.00, 200, 'Canned Goods', 'https://i.ibb.co/xtf07ypV/9d9995cb1592.png', '2025-06-18 16:22:41', '2025-06-19 01:40:05'),
(133, 'Mega Sardines', 'Mega Sardines, the number one sardine brand in the Philippines, is known for its fresh, high-quality sardines caught and canned within 12 hours.', 0.00, 1000, 'Canned Goods', 'https://i.ibb.co/m5N1MgKp/dd37d6c182e1.png', '2025-06-18 16:24:18', '2025-06-18 16:24:30'),
(135, 'Kopiko Twin (10\'s)', ' These twin packs are popular for their convenience and affordability, offering a creamy, delicious coffee experience. ', 0.00, 800, 'Coffee and Creamer', 'https://i.ibb.co/PsL7Vywf/3fed60dcca32.png', '2025-07-03 09:35:44', '2025-07-03 09:36:15'),
(136, 'Great Taste                                                                   ', 'Great Taste is a popular instant coffee brand known for its rich taste and aroma, offering a variety of flavors and formats to suit different preferences', 0.00, 600, 'Coffee and Creamer', 'https://i.ibb.co/mMrH77q/e5d62ff7e81b.png', '2025-07-03 09:43:25', '2025-07-03 09:44:35'),
(137, 'Nescafe Classic', 'Let the unmistakeable, full-flavoured Nescafé ® Classic instant coffee awaken your senses for a perfect morning moment, with an expert medium-dark roast.', 0.00, 400, 'Coffee and Creamer', 'https://i.ibb.co/rKh3ks8y/57ba9758c142.png', '2025-07-03 09:53:22', '2025-07-03 09:53:47'),
(138, 'Nescafe Twin', 'NESCAFE Original is the strong coffee mix that bring our delicious coffee taste and aroma that lasts from your first whiff until your last gulp.', 0.00, 420, 'Coffee and Creamer', 'https://i.ibb.co/QFj7Trn9/2dcce261df5a.png', '2025-07-03 10:01:46', '2025-07-03 10:01:59'),
(139, 'Kremtop', 'Krem-Top is a non-dairy coffee creamer known for its rich and creamy taste, designed to enhance the flavor of your coffee', 0.00, 280, 'Coffee and Creamer', 'https://i.ibb.co/7tfjcR80/f0dd134a2c03.png', '2025-07-03 10:35:16', '2025-07-03 10:36:40'),
(140, 'Coffeemate', 'Coffee-mate is a non-dairy coffee creamer, available in powdered, liquid, and concentrated liquid forms, that enhances the flavor and texture of coffee', 0.00, 250, 'Coffee and Creamer', 'https://i.ibb.co/ds1vyXTw/6ff408e99e4d.png', '2025-07-03 10:43:12', '2025-07-03 10:43:12'),
(141, 'Great Taste Granules', 'Great Taste Granules are a concentrated coffee product made from 100% granulated coffee beans, specifically Robusta beans.', 0.00, 400, 'Coffee and Creamer', 'https://i.ibb.co/dwkzGQ6y/1f2c32edd630.png', '2025-07-03 10:58:06', '2025-07-03 10:58:06'),
(142, 'Great Taste Premium', 'Great Taste Premium is a line of instant coffee products known for their rich taste and aroma, offering a satisfying coffee experience. ', 0.00, 300, 'Coffee and Creamer', 'https://i.ibb.co/HT7rBkmM/250bb357d0ef.png', '2025-07-03 11:00:18', '2025-07-03 11:00:43'),
(143, 'Magic Sarap', 'Magic Sarap is an all-in-one seasoning, popular in Filipino cuisine, known for its rich, savory, and umami flavor', 0.00, 400, 'Condiments', 'https://i.ibb.co/v4Bvk94x/aebe31d0852f.png', '2025-07-03 11:07:41', '2025-07-03 11:07:41'),
(144, 'Ajinomoto', 'Ajinomoto, also known as monosodium glutamate (MSG), is a flavor enhancer, commonly used in various cuisines, particularly in Asian dishes like Chinese cuisine.', 0.00, 500, 'Condiments', 'https://i.ibb.co/DHHsNNDc/ef7355ba13c2.png', '2025-07-03 11:12:37', '2025-07-03 11:12:37'),
(145, 'Ajiginisa', 'a Filipino seasoning mix, primarily used to enhance the flavor of stir-fried dishes and other savory meals', 57.00, 50, 'Condiments', 'https://i.ibb.co/MkBW7cff/788460e027c6.png', '2025-07-03 11:14:18', '2025-07-03 11:14:18'),
(146, 'Knorr Cubes', 'AI Overview\r\nKnorr Chicken Cubes Savers | 10g x 12 cubes\r\nKnorr cubes are concentrated flavor enhancers, specifically bouillon cubes, designed to add depth and richness to various dishes.', 0.00, 800, 'Condiments', 'https://i.ibb.co/DP8g5SwV/5c1d882d6cbe.png', '2025-07-03 11:18:39', '2025-07-03 11:18:39'),
(147, 'Knorr Sinigang', 'Knorr Sinigang is a Filipino soup known for its sour and savory flavor, with tamarind as the primary souring agent', 0.00, 105, 'Condiments', 'https://i.ibb.co/YFVBm4Cw/02cd78e6e8ea.png', '2025-07-03 11:31:35', '2025-07-03 11:31:35'),
(148, 'Color Rumble Lollipop', 'Lipps assorted, 50pcs per pack', 63.00, 20, 'Candies and Snacks', 'https://i.ibb.co/Y4sv7XSg/b11c1bfcb5ea.png', '2025-07-03 11:35:02', '2025-07-03 11:35:02'),
(149, 'Frooty Rainbow Pop', 'assorted lollipop', 33.00, 20, 'Candies and Snacks', 'https://i.ibb.co/fYs7CNx9/da50be0a43b1.png', '2025-07-03 11:36:13', '2025-07-03 11:36:13'),
(150, 'Stay Fresh Candy', 'menthol candies', 37.00, 20, 'Candies and Snacks', 'https://i.ibb.co/N6SfV7sv/6024d6b38bc1.png', '2025-07-03 11:37:44', '2025-07-03 11:37:44'),
(151, 'Snow Bear Candy', 'menthol candy', 95.00, 100, 'Candies and Snacks', 'https://i.ibb.co/fYTg2h2T/3b252006328f.png', '2025-07-03 11:38:49', '2025-07-03 11:38:49'),
(152, 'Krimstix Jumbo', 'a creamy, flavored paste, available in chocolate, milk, pandan, peanut butter, ube, cookies & cream, and cheesy crunch, among other flavors', 0.00, 100, 'Candies and Snacks', 'https://i.ibb.co/vvJBNFrm/591a3cb7bf9a.png', '2025-07-03 11:41:11', '2025-07-03 11:41:11'),
(153, 'Frutos', 'a Filipino brand of soft, chewy candy, known for its tropical fruit and tamarind (sampalok) flavors', 0.00, 86, 'Candies and Snacks', 'https://i.ibb.co/kVBkdL72/b06bc349ca4b.png', '2025-07-03 11:42:34', '2025-07-03 11:42:34'),
(154, 'Sweet Candies', 'a sweet confection made primarily from sugar or other sweeteners, often with added flavors, fruits, chocolate, or nuts. ', 0.00, 120, 'Candies and Snacks', 'https://i.ibb.co/XqP33f3/41ca766e4d2b.png', '2025-07-03 11:45:58', '2025-07-03 11:45:58'),
(155, 'Cloud 9', 'Cloud 9 candy, a popular Filipino snack, is a chocolate bar featuring a combination of luscious caramel, crunchy peanuts, and soft nougat, all wrapped in a rich chocolate coating.', 0.00, 70, 'Candies and Snacks', 'https://i.ibb.co/9m42v2cQ/b80156045f00.png', '2025-07-03 11:48:14', '2025-07-03 11:48:14'),
(156, 'Beng-beng ', '12 pcs per box Bengbeng is a popular Indonesian chocolate snack, described as a chocolate-covered wafer with multiple layers', 88.00, 50, 'Candies and Snacks', 'https://i.ibb.co/CspY4t1D/9f7cb706b1fd.png', '2025-07-03 11:49:51', '2025-07-03 11:49:51'),
(157, 'Choco Mucho', 'Choco Mucho is a bite-sized chocolate snack made by Rebisco featuring layers of rolled wafer, caramel, and rice crispies, all coated in creamy chocolate.', 0.00, 60, 'Candies and Snacks', 'https://i.ibb.co/ZR5Lx9Rt/9b5e6320333f.png', '2025-07-03 11:53:03', '2025-07-03 11:53:03'),
(158, 'Maxx', 'Maxx candy, introduced by Jack \'n Jill, is a menthol-flavored candy known for its refreshing and cooling sensation, often enjoyed for its potential to relieve sore throats or nasal congestion.', 0.00, 600, 'Candies and Snacks', 'https://i.ibb.co/HLfNFgbb/95c20568e4d3.png', '2025-07-03 11:58:42', '2025-07-03 11:58:42'),
(159, 'Wings Powder 6\'s', 'Wings powder, specifically referring to laundry detergent powder like Wings Solve, is designed for cleaning clothes and offers a few key benefits. ', 0.00, 400, 'Bar and Soap', 'https://i.ibb.co/DDHNs1sK/f580b3cc19f1.png', '2025-07-03 12:05:02', '2025-07-03 12:05:02'),
(160, 'Surf Powder 6\'s', 'Surf powder is a laundry detergent known for its cleaning power and fragrance.', 0.00, 800, 'Bar and Soap', 'https://i.ibb.co/rRvpNQ4Z/4319fe2af7ea.png', '2025-07-03 12:07:22', '2025-07-03 12:07:22'),
(161, 'Ariel Powder 6+1', 'Ariel is a brand of laundry detergent, and Ariel powder is a powdered form of their detergent designed for cleaning clothes.', 95.00, 50, 'Bar and Soap', 'https://i.ibb.co/Gftz7zQG/0d7648342246.png', '2025-07-03 12:08:30', '2025-07-03 12:08:30'),
(162, 'Tide Powder 6+1', 'Tide powder detergent is a laundry cleaning agent designed for both standard and high-efficiency washing machines, as well as handwashing', 95.00, 50, 'Bar and Soap', 'https://i.ibb.co/qMrGTn9b/b17af808fb31.png', '2025-07-03 12:09:21', '2025-07-03 12:09:21'),
(163, 'Breeze Powder 6+1', 'Breeze powder detergent is a laundry cleaning product known for its stain-removing capabilities.', 86.00, 30, 'Bar and Soap', 'https://i.ibb.co/ch6SHn0Y/df5f2b17a486.png', '2025-07-03 12:10:16', '2025-07-03 12:10:16'),
(164, 'Pride Powder', 'Pride Powder is a laundry detergent known for its \"stain-away\" formula that effectively removes dirt and stains, leaving clothes clean and fresh', 0.00, 30, 'Bar and Soap', 'https://i.ibb.co/jPpk0N8H/83494c4c564d.png', '2025-07-03 12:12:25', '2025-07-03 12:12:25'),
(165, 'Wings Powder 1kg', 'Wings powder detergent offers a deep clean, removing dirt and leaving clothes with a fresh, long-lasting scent', 105.00, 10, 'Bar and Soap', 'https://i.ibb.co/LDxKhgpM/d2d605567151.png', '2025-07-03 18:01:33', '2025-07-03 18:01:33'),
(166, 'Safeguard Bar Soap', '2 flavors, floral pink and lemon fresh', 0.00, 200, 'Bar and Soap', 'https://i.ibb.co/rRQ4QpKn/2c418ec426fd.png', '2025-07-03 18:05:07', '2025-07-03 18:05:07'),
(167, 'Silka Bar Soap 65g', 'Silka is a Filipino skincare brand known for its affordable and effective products, particularly those focused on skin whitening and moisturizing', 0.00, 180, 'Bar and Soap', 'https://i.ibb.co/DPBwyK4X/7555a0ca60fd.png', '2025-07-03 18:08:52', '2025-07-03 18:08:52'),
(168, 'Bioderm Sachet', 'Bioderm is a family germicidal soap that offers 99.9% germ-killing action and up to 24-hour protection against germs that can cause illness and body odor', 0.00, 60, 'Bar and Soap', 'https://i.ibb.co/3mrwNgBh/f11cfcf54309.png', '2025-07-03 18:11:54', '2025-07-03 18:11:54'),
(169, 'Top Coffee Tripid (10\'s)', '3 packs per sachet, a total of 30 packs', 139.00, 200, 'Coffee and Creamer', 'https://i.ibb.co/N6V8Ch58/062230b4f2a1.png', '2025-07-03 18:14:50', '2025-07-03 18:14:50'),
(170, 'O-Puff', 'O-Puff is a brand of cream-filled marshmallows produced by Oishi.', 0.00, 100, 'Candies and Snacks', 'https://i.ibb.co/wZvtjvYb/3af922cb5a22.png', '2025-07-03 18:19:49', '2025-07-03 18:19:49'),
(171, 'Polvoron (24\'s)', 'Polvoron is a Filipino-style shortbread made of toasted flour, powdered milk, sugar, and butter. Sweet, buttery, and easy to customize with different flavors.', 24.00, 50, 'Candies and Snacks', 'https://i.ibb.co/pjxsNdkn/8a208d83c9a7.png', '2025-07-03 18:22:04', '2025-07-03 18:22:04'),
(172, 'Superstix ', 'Superstix are crunchy wafer sticks produced by Rebisco, known for their creamy, flavorful fillings.', 0.00, 30, 'Candies and Snacks', 'https://i.ibb.co/wh17M6H0/55bdc4ede310.png', '2025-07-03 18:24:49', '2025-07-03 18:24:49');

-- --------------------------------------------------------

--
-- Table structure for table `product_choices`
--

CREATE TABLE `product_choices` (
  `choice_id` int NOT NULL,
  `product_id` int DEFAULT NULL,
  `name` varchar(100) DEFAULT NULL,
  `price` decimal(10,2) DEFAULT NULL,
  `stock` int DEFAULT NULL,
  `image` varchar(255) DEFAULT NULL
) ENGINE=InnoDB DEFAULT CHARSET=utf8mb4 COLLATE=utf8mb4_0900_ai_ci;

--
-- Dumping data for table `product_choices`
--

INSERT INTO `product_choices` (`choice_id`, `product_id`, `name`, `price`, `stock`, `image`) VALUES
(31, 92, 'Large (480g)zxc', 70.00, 46, 'https://i.ibb.co/pBF2F0Q5/89e84b090e37.webp'),
(32, 92, '750ml', 90.00, 39, NULL),
(36, 97, '155g', 35.50, 100, NULL),
(37, 97, '425g', 81.00, 20, NULL),
(38, 99, 'Red', 26.00, 100, NULL),
(39, 99, 'Green', 26.00, 100, NULL),
(40, 100, '155g', 54.00, 50, NULL),
(41, 100, '425g', 118.00, 20, NULL),
(42, 101, '155', 42.00, 20, NULL),
(43, 101, '425', 110.00, 10, NULL),
(44, 102, 'Red', 26.50, 50, NULL),
(45, 102, 'Green', 26.50, 50, NULL),
(46, 103, '170g', 67.00, 24, NULL),
(47, 103, '397g', 131.00, 24, NULL),
(48, 104, '155g', 45.00, 50, NULL),
(49, 104, '425g', 100.00, 12, NULL),
(50, 105, '85g', 31.00, 100, NULL),
(51, 105, '230g', 66.00, 60, NULL),
(52, 107, 'Orange', 84.00, 50, NULL),
(53, 107, 'Grape', 84.00, 50, NULL),
(54, 107, 'Apple', 84.00, 100, NULL),
(55, 113, 'Coke Mismo', 203.00, 100, 'https://i.ibb.co/ksMvMh8H/eccf0110a173.png'),
(56, 113, 'Royal Mismo', 203.00, 50, 'https://i.ibb.co/MyFbvKfP/02fb6e4955f6.png'),
(57, 113, 'Sprite Mismo', 203.00, 50, 'https://i.ibb.co/B5hQp3zB/c63551d74bd7.png'),
(58, 114, '1.5 Coke', 722.00, 10, 'https://i.ibb.co/Y7W1c1pc/5ca33bf6a13a.png'),
(59, 114, '1.5 Royal', 722.00, 10, 'https://i.ibb.co/Zz4TfDHM/de4e35523721.png'),
(60, 114, '1.5 Sprite', 722.00, 10, 'https://i.ibb.co/wh1VqzsT/8fb0e340de7e.png'),
(61, 116, 'Cream', 58.00, 18, 'https://i.ibb.co/jZRLqpqn/eaa546f3ae49.png'),
(62, 116, 'Butter', 58.00, 18, 'https://i.ibb.co/S4mX2Mvc/042caf0a567d.png'),
(63, 116, 'Strawberry', 18.00, 18, 'https://i.ibb.co/8yHnyym/0b6268a1f20a.png'),
(64, 116, 'Chocolate', 58.00, 18, 'https://i.ibb.co/Gvm29r3N/954f9a2f6be6.png'),
(65, 116, 'Flavor Bunch Assorted', 58.00, 18, 'https://i.ibb.co/9k7PNJ5m/4a91171d5a1d.png'),
(66, 120, 'Hansel Choco', 58.00, 150, 'https://i.ibb.co/nN97krfx/bac16d385dc5.png'),
(67, 120, 'Hansel Mocha', 58.00, 150, 'https://i.ibb.co/JwMyJZk2/c84e1afc4c18.png'),
(68, 120, 'Hansel Milk', 58.00, 150, 'https://i.ibb.co/bMM1N0hJ/e97cce0da8f0.png'),
(69, 120, 'Hansel Butter', 58.00, 150, 'https://i.ibb.co/B5TpHvGS/2960fc9474a9.png'),
(70, 120, 'Hansel Flavor Bunch', 58.00, 150, 'https://i.ibb.co/Q3vg9YCW/e073221a0f74.png'),
(71, 122, 'White', 72.00, 25, 'https://i.ibb.co/qFpjX1V7/cfbb7c1d9246.png'),
(72, 122, 'Choco', 72.00, 25, 'https://i.ibb.co/67LSfJWD/6addd661a002.png'),
(73, 124, 'Milk', 58.00, 10, 'https://i.ibb.co/5X7t0yFM/8fb7551ce701.png'),
(74, 124, 'Choco', 58.00, 10, 'https://i.ibb.co/vyTkmP6/3ad414c49332.png'),
(75, 127, 'Choco', 78.00, 25, 'https://i.ibb.co/fbyDy02/9cc0f97653cc.png'),
(76, 127, 'Macapuno', 78.00, 25, 'https://i.ibb.co/Y75qVX93/3605d4abd7d2.png'),
(77, 127, 'Salted Caramel', 78.00, 25, 'https://i.ibb.co/fGBj52Gg/5ef06f784445.png'),
(78, 127, 'Vanilla', 78.00, 25, 'https://i.ibb.co/DPkvSbpv/4caa36155d8f.png'),
(79, 127, 'Dark Chocolate', 78.00, 25, 'https://i.ibb.co/pBVXKVtH/6f547241c025.png'),
(80, 127, 'Mocha', 78.00, 25, 'https://i.ibb.co/TD9sHc57/0c4b2440c6b1.png'),
(81, 127, 'Milk', 78.00, 25, 'https://i.ibb.co/xty6BCmM/3f789d502d97.png'),
(82, 127, 'Assorted', 78.00, 25, 'https://i.ibb.co/W4FMNyVL/6c0d792aad26.png'),
(83, 129, 'Choco', 77.00, 20, 'https://i.ibb.co/JFxPhLw5/3f865e3665f4.png'),
(84, 129, 'Assorted', 96.00, 10, 'https://i.ibb.co/Z6qVpQcN/f3db2131b5b5.png'),
(85, 131, '100g', 20.00, 50, NULL),
(86, 131, '150g', 25.00, 50, NULL),
(87, 132, 'Green', 26.00, 100, NULL),
(88, 132, 'Red', 26.00, 100, NULL),
(89, 133, 'Green', 25.00, 500, NULL),
(90, 133, 'Red', 25.00, 500, NULL),
(91, 74, '375ml', 32.00, 1221, 'https://i.ibb.co/N25PWXHW/e71758e8ad02.png'),
(92, 132, 'zxc', 32.00, 32, NULL),
(93, 75, 'hdftuh', 25.00, 42547, NULL),
(95, 72, '33g (sold per tie)', 93.00, 150, NULL),
(96, 72, '90g', 37.00, 50, NULL),
(97, 72, '135g', 54.00, 50, NULL),
(98, 72, '300g', 114.00, 100, NULL),
(99, 72, '680g', 255.00, 20, NULL),
(100, 72, '840g', 307.00, 20, NULL),
(101, 72, '1210g', 440.00, 10, NULL),
(102, 72, '1.5kg', 542.00, 10, NULL),
(103, 72, '2kg', 710.00, 10, NULL),
(104, 72, '2.4kg', 843.00, 10, NULL),
(105, 74, '33g (sold per tie)', 93.00, 5, NULL),
(106, 74, '300g', 114.00, 20, NULL),
(107, 74, '840g', 307.00, 5, NULL),
(108, 73, '33g (sold per tie)', 141.00, 5, NULL),
(109, 73, '180g', 98.00, 15, NULL),
(110, 73, '300g', 135.00, 20, NULL),
(111, 73, '600g', 270.00, 10, NULL),
(112, 73, '1kg', 495.00, 5, NULL),
(113, 73, '1.2kg', 545.00, 5, NULL),
(114, 75, '24g (1 dozen)', 112.00, 100, NULL),
(115, 75, '150g', 54.00, 15, NULL),
(116, 75, '300g', 100.00, 15, NULL),
(117, 75, '600g', 197.00, 10, NULL),
(118, 75, '1kg', 300.00, 5, NULL),
(119, 76, '33g (9+3 promo)', 84.00, 10, NULL),
(120, 76, '135g', 51.00, 24, NULL),
(121, 76, '300g', 98.00, 30, NULL),
(122, 76, '660g', 235.00, 15, NULL),
(123, 76, '925g', 305.00, 15, NULL),
(124, 76, '2kg', 619.00, 6, NULL),
(125, 135, 'Brown', 132.00, 200, NULL),
(126, 135, 'Black', 132.00, 200, NULL),
(127, 135, 'Blanca', 132.00, 200, NULL),
(128, 135, 'Cafe Mocha', 131.00, 200, NULL),
(129, 136, 'Choco', 128.00, 200, NULL),
(130, 136, 'White', 128.00, 200, NULL),
(131, 136, 'Original', 86.00, 199, NULL),
(132, 137, 'Stick (per pack)', 23.00, 100, NULL),
(133, 137, '23g', 46.00, 100, NULL),
(134, 137, '46g', 92.00, 100, NULL),
(135, 137, '92g', 92.00, 95, NULL),
(136, 112, '1L', 65.00, 100, NULL),
(137, 138, 'Original', 135.00, 200, NULL),
(138, 138, 'Creamy White', 135.00, 200, NULL),
(139, 138, 'CreamyLatte', 135.00, 20, NULL),
(140, 139, '80g', 25.00, 100, NULL),
(141, 139, '150g', 52.00, 100, NULL),
(142, 139, '220g', 64.00, 50, NULL),
(143, 139, '400g', 117.00, 30, NULL),
(144, 140, '80g', 28.00, 100, NULL),
(145, 140, '150g', 50.00, 50, NULL),
(146, 140, '220g', 74.00, 50, NULL),
(147, 140, '400g', 119.00, 50, NULL),
(148, 141, '25g', 22.00, 200, NULL),
(149, 141, '50g', 43.00, 100, NULL),
(150, 141, '100g', 83.00, 100, NULL),
(151, 142, '25g', 21.50, 100, NULL),
(152, 142, '50g', 40.00, 100, NULL),
(153, 142, '100g', 80.00, 100, NULL),
(154, 143, '3g (per tie)', 83.00, 300, NULL),
(155, 143, '55g', 31.00, 50, NULL),
(156, 143, '150g', 72.00, 50, NULL),
(157, 144, 'Blue Pack', 66.00, 100, NULL),
(158, 144, 'Yellow Pack', 53.00, 100, NULL),
(159, 144, '50g', 16.00, 100, NULL),
(160, 144, '100g', 41.00, 100, NULL),
(161, 144, '250g', 69.00, 50, NULL),
(162, 144, '500g', 115.00, 50, NULL),
(163, 146, 'Chicken', 6.50, 200, NULL),
(164, 146, 'Pork', 6.50, 200, NULL),
(165, 146, 'Beef', 6.50, 200, NULL),
(166, 146, 'Shrimp', 6.50, 200, NULL),
(167, 147, '11g (12+1)', 90.00, 50, NULL),
(168, 147, '22g (6\'s with plate)', 94.00, 50, NULL),
(169, 147, 'Sinigang sa Gabi (11g) per tie', 93.00, 5, NULL),
(170, 152, 'Choco', 44.00, 50, NULL),
(171, 152, 'Milk', 44.00, 50, NULL),
(172, 153, 'Tropical', 36.00, 50, NULL),
(173, 153, 'Tamarind', 36.00, 36, NULL),
(174, 154, 'Orange', 34.00, 40, NULL),
(175, 154, 'Corn', 34.00, 40, NULL),
(176, 154, 'Ponkan', 34.00, 40, NULL),
(177, 155, 'Minis', 87.00, 20, NULL),
(178, 155, '12 pcs per box', 98.00, 50, NULL),
(179, 157, 'Choco', 88.00, 20, NULL),
(180, 157, 'White', 88.00, 20, NULL),
(181, 157, 'Dark Choco', 88.00, 20, NULL),
(182, 158, 'Honey lemon', 42.00, 100, NULL),
(183, 158, 'Dalandan Orange', 42.00, 100, NULL),
(184, 158, 'Fresh', 42.00, 100, NULL),
(185, 158, 'Eucalyptus', 42.00, 100, NULL),
(186, 158, 'Extra Strength', 42.00, 100, NULL),
(187, 158, 'Cherry', 42.00, 100, NULL),
(188, 159, 'Calamansi Clean', 38.00, 100, NULL),
(189, 159, 'Floral Fresh', 38.00, 100, NULL),
(190, 159, 'Summer Sunshine', 38.00, 100, NULL),
(191, 159, 'Total Care', 38.00, 100, NULL),
(192, 160, 'Cherry Blossom', 42.00, 200, NULL),
(193, 160, 'Rose Fresh', 42.00, 200, NULL),
(194, 160, 'Tawas', 42.00, 200, NULL),
(195, 160, 'Sunfresh', 42.00, 200, NULL),
(196, 164, '500g', 64.00, 10, NULL),
(197, 164, '1kg', 125.00, 10, NULL),
(198, 164, '2kg', 235.00, 10, NULL),
(199, 166, 'Floral Pink', 129.00, 100, NULL),
(200, 166, 'Lemon Fresh', 129.00, 100, NULL),
(201, 167, 'Orange', 21.00, 120, NULL),
(202, 167, 'Green', 21.00, 60, NULL),
(203, 168, 'Blue', 17.00, 20, NULL),
(204, 168, 'Green', 17.00, 20, NULL),
(205, 168, 'Pink', 17.00, 20, NULL),
(206, 170, 'Choco', 28.00, 50, NULL),
(207, 170, 'Mango', 28.00, 50, NULL),
(208, 172, 'Ube', 71.00, 10, NULL),
(209, 172, 'Pandan', 71.00, 10, NULL),
(210, 172, 'Chocolate', 71.00, 10, NULL),
(211, 48, '100g', 27.50, 100, NULL),
(212, 48, '150g', 36.50, 100, NULL),
(213, 48, '175g', 41.50, 100, NULL),
(214, 48, '260g', 54.00, 12, NULL),
(215, 64, '95g', 27.50, 100, NULL),
(216, 64, 'hot 150g', 37.50, 100, NULL),
(217, 68, '100g', 19.00, 50, NULL),
(218, 68, '150g', 23.00, 50, NULL),
(219, 71, '150g', 25.00, 50, NULL),
(220, 71, '210g', 35.00, 50, NULL),
(221, 71, 'Big', 59.00, 50, NULL),
(222, 62, '100g', 16.00, 100, NULL),
(223, 62, '150g', 23.50, 200, NULL),
(224, 62, '170g', 25.00, 200, NULL),
(225, 62, 'Tocino', 26.50, 100, NULL),
(226, 69, 'Flat 85g', 32.00, 100, NULL),
(227, 69, '100g', 32.00, 100, NULL),
(228, 69, '155g', 40.00, 200, NULL),
(229, 38, '100g', 17.50, 200, NULL),
(230, 38, '150g', 22.75, 198, NULL),
(231, 38, '210g', 31.00, 100, NULL),
(232, 67, '100g', 20.50, 100, NULL),
(233, 67, '150g', 30.50, 100, NULL),
(234, 67, '175g', 34.00, 100, NULL),
(235, 65, 'Afrtitada', 29.75, 200, NULL),
(236, 65, 'Caldereta', 29.75, 200, NULL),
(237, 65, 'Hot and Spicy', 31.50, 50, NULL),
(238, 64, 'flakes 150g', 36.50, 100, NULL),
(239, 85, '100g', 20.00, 50, NULL),
(240, 85, '150g', 25.00, 50, NULL),
(241, 89, 'Green', 21.50, 50, NULL),
(242, 89, 'Red', 23.50, 50, NULL),
(243, 91, 'Green', 25.50, 100, NULL),
(244, 91, 'Red', 25.50, 100, NULL),
(245, 90, 'Green', 23.00, 50, NULL),
(246, 90, 'Red', 23.00, 50, NULL),
(247, 47, '100g', 11.75, 100, NULL),
(248, 47, '200g', 19.50, 50, NULL),
(249, 47, 'Buy 1 Take 1 (200g)', 29.00, 100, NULL),
(250, 47, '1L', 74.00, 50, NULL),
(251, 47, '1/2 gal.', 132.00, 50, NULL),
(252, 47, '1 gallon', 251.00, 50, NULL),
(253, 45, '150ml', 15.50, 100, NULL),
(254, 45, 'Buy 1 Take 1', 28.00, 50, NULL),
(255, 78, 'Buy 1 Take 1', 27.00, 20, NULL),
(256, 78, '1L', 69.00, 5, NULL),
(257, 34, '700ml', 141.00, 100, NULL),
(258, 34, '1L', 189.00, 87, NULL),
(259, 59, 'Light', 1008.00, 50, NULL),
(260, 59, 'Apple', 835.00, 50, NULL);

-- --------------------------------------------------------

--
-- Table structure for table `product_reports`
--

CREATE TABLE `product_reports` (
  `id` int NOT NULL,
  `product_id` int NOT NULL,
  `user_id` int NOT NULL,
  `issue_type` varchar(50) NOT NULL,
  `description` text NOT NULL,
  `status` enum('pending','in_progress','resolved','rejected') DEFAULT 'pending',
  `created_at` timestamp NULL DEFAULT CURRENT_TIMESTAMP,
  `updated_at` timestamp NULL DEFAULT CURRENT_TIMESTAMP ON UPDATE CURRENT_TIMESTAMP,
  `admin_response` text,
  `resolved_at` timestamp NULL DEFAULT NULL
) ENGINE=InnoDB DEFAULT CHARSET=utf8mb4 COLLATE=utf8mb4_0900_ai_ci;

--
-- Dumping data for table `product_reports`
--

INSERT INTO `product_reports` (`id`, `product_id`, `user_id`, `issue_type`, `description`, `status`, `created_at`, `updated_at`, `admin_response`, `resolved_at`) VALUES
(2, 34, 1000, 'incorrect-price', 'zxc', 'pending', '2025-07-04 07:43:26', '2025-07-04 07:43:26', NULL, NULL);

-- --------------------------------------------------------

--
-- Table structure for table `receipt_settings`
--

CREATE TABLE `receipt_settings` (
  `id` int NOT NULL,
  `storeName` varchar(255) NOT NULL DEFAULT 'JM Garis Store',
  `storeTagline` varchar(255) DEFAULT 'Official Receipt',
  `storeAddress` text,
  `contactNumber` varchar(50) DEFAULT NULL,
  `thankyouMessage` text,
  `footerText` varchar(255) DEFAULT NULL,
  `created_at` timestamp NULL DEFAULT CURRENT_TIMESTAMP,
  `updated_at` timestamp NULL DEFAULT CURRENT_TIMESTAMP ON UPDATE CURRENT_TIMESTAMP
) ENGINE=InnoDB DEFAULT CHARSET=utf8mb4 COLLATE=utf8mb4_0900_ai_ci;

--
-- Dumping data for table `receipt_settings`
--

INSERT INTO `receipt_settings` (`id`, `storeName`, `storeTagline`, `storeAddress`, `contactNumber`, `thankyouMessage`, `footerText`, `created_at`, `updated_at`) VALUES
(1, 'JM Garis Store', 'Official Receiptzxc', 'Barcenaga, Naujan City, Oriental Mindorozxczxczzxc\n', '09127649805', 'Thank you for your purchase!\nPlease come again', 'You can Contact us in: +63*** *** ****', '2025-06-13 22:06:01', '2025-08-05 12:50:03');

-- --------------------------------------------------------

--
-- Table structure for table `rewards_settings`
--

CREATE TABLE `rewards_settings` (
  `id` int NOT NULL,
  `points_per_amount` int NOT NULL DEFAULT '1',
  `amount_threshold` decimal(10,2) NOT NULL DEFAULT '100.00',
  `point_value` decimal(10,2) NOT NULL DEFAULT '0.50',
  `description` text,
  `updated_at` timestamp NULL DEFAULT CURRENT_TIMESTAMP ON UPDATE CURRENT_TIMESTAMP,
  `updated_by` int DEFAULT NULL
) ENGINE=InnoDB DEFAULT CHARSET=utf8mb4 COLLATE=utf8mb4_0900_ai_ci;

--
-- Dumping data for table `rewards_settings`
--

INSERT INTO `rewards_settings` (`id`, `points_per_amount`, `amount_threshold`, `point_value`, `description`, `updated_at`, `updated_by`) VALUES
(1, 1, 100.00, 0.50, '', '2025-06-30 16:45:57', 20);

-- --------------------------------------------------------

--
-- Table structure for table `reward_tiers`
--

CREATE TABLE `reward_tiers` (
  `id` int NOT NULL,
  `name` varchar(100) NOT NULL,
  `points_required` int NOT NULL,
  `discount_amount` decimal(10,2) NOT NULL,
  `description` varchar(255) DEFAULT NULL
) ENGINE=InnoDB DEFAULT CHARSET=utf8mb4 COLLATE=utf8mb4_0900_ai_ci;

--
-- Dumping data for table `reward_tiers`
--

INSERT INTO `reward_tiers` (`id`, `name`, `points_required`, `discount_amount`, `description`) VALUES
(1, 'Bronze Rewardz', 10, 5.00, '₱5 off your next purchase'),
(2, 'Silver Reward', 20, 10.00, '₱10 off your next purchase'),
(3, 'Gold Reward', 50, 25.00, '₱25 off your next purchase');

-- --------------------------------------------------------

--
-- Table structure for table `shared_carts`
--

CREATE TABLE `shared_carts` (
  `share_id` varchar(36) NOT NULL,
  `owner_id` int NOT NULL,
  `shared_with` int DEFAULT NULL,
  `expires_at` timestamp NULL DEFAULT CURRENT_TIMESTAMP,
  `created_at` timestamp NULL DEFAULT CURRENT_TIMESTAMP,
  `status` enum('active','expired','used') DEFAULT 'active'
) ENGINE=InnoDB DEFAULT CHARSET=utf8mb4 COLLATE=utf8mb4_0900_ai_ci;

--
-- Dumping data for table `shared_carts`
--

INSERT INTO `shared_carts` (`share_id`, `owner_id`, `shared_with`, `expires_at`, `created_at`, `status`) VALUES
('0b620499-e65a-4ee3-a710-35c84cd16a05', 58, 1000, '2025-07-05 06:07:41', '2025-07-04 06:07:40', 'expired'),
('4daa20f8-391c-4dd4-a634-68aae94c1c16', 58, 1000, '2025-07-05 06:21:21', '2025-07-04 06:21:21', 'expired'),
('c334e79a-a7b5-413f-abc0-74eda2f04439', 58, 1000, '2025-07-05 06:14:20', '2025-07-04 06:14:19', 'expired'),
('ec27785b-05e0-4463-9601-0061b5ac795a', 58, 1000, '2025-07-05 06:11:21', '2025-07-04 06:11:21', 'expired');

-- --------------------------------------------------------

--
-- Table structure for table `users`
--

CREATE TABLE `users` (
  `id` int NOT NULL,
  `username` varchar(255) NOT NULL,
  `firstname` varchar(50) NOT NULL,
  `middlename` varchar(50) DEFAULT NULL,
  `lastname` varchar(50) NOT NULL,
  `gender` enum('male','female','other') DEFAULT NULL,
  `civil_status` enum('single','married','widowed','divorced','separated') DEFAULT NULL,
  `phone_number` varchar(15) DEFAULT NULL,
  `address` text,
  `birthdate` date DEFAULT NULL,
  `email` varchar(255) NOT NULL,
  `password` varchar(255) NOT NULL,
  `created_at` timestamp NULL DEFAULT CURRENT_TIMESTAMP,
  `otp` varchar(6) DEFAULT NULL,
  `otp_expires` timestamp NULL DEFAULT NULL,
  `email_verified` tinyint(1) DEFAULT '0',
  `role` enum('user','admin','staff') DEFAULT 'user',
  `password_reset_otp` varchar(6) DEFAULT NULL,
  `password_reset_otp_expires` datetime DEFAULT NULL,
  `profile_picture` varchar(255) DEFAULT NULL
) ENGINE=InnoDB DEFAULT CHARSET=utf8mb4 COLLATE=utf8mb4_0900_ai_ci;

--
-- Dumping data for table `users`
--

INSERT INTO `users` (`id`, `username`, `firstname`, `middlename`, `lastname`, `gender`, `civil_status`, `phone_number`, `address`, `birthdate`, `email`, `password`, `created_at`, `otp`, `otp_expires`, `email_verified`, `role`, `password_reset_otp`, `password_reset_otp_expires`, `profile_picture`) VALUES
(20, 'adminsiL4ns', '', NULL, '', 'male', 'single', NULL, NULL, NULL, 'admin@gmail.com', '$2b$10$wRo343tSktWutK.ljme.JOtFQj3fCguB9r0QtYLioG4F0//XbD0WS', '2025-02-14 20:30:57', NULL, NULL, 1, 'admin', NULL, NULL, NULL),
(23, 'Helios', 'Kien Eros', NULL, 'Aas', 'male', 'single', '097874547561', 'ilaya calapan', '2025-06-17', 'hernandezlanslorence@gmail.com', '$2a$10$d9us.byK34RuUNYJQQO9TeFW7sdPNNtiyIC1n6V2fzFxAp2Xz1GWy', '2025-02-14 21:37:21', NULL, NULL, 1, 'staff', NULL, NULL, NULL),
(56, 'l4nszxcqwe', 'dsa', 'dsa', 'dsadsa', 'female', 'single', '09127649805', 'Ibaba West, Calapan City, Oriental Mindoro', '2025-02-16', 'dsdsadasdas@gmail.com', '$2a$10$SSpSYo7VpFS4tolhVjEQ2On47sOeNhXD3eplmpR/wEFNkGooExiC6', '2025-02-16 04:31:13', 'lKiGNV', '2025-02-16 04:41:13', 0, 'user', NULL, NULL, NULL),
(57, 'dsad213213', 'adsad', 'sadsa', '3dsads', 'female', 'single', '3442342', 'dsadas', '2025-02-16', 'lans@gmail.com', '$2a$10$Pd2lZMPCnTMBxylXfT47e.OHqz5AekpbITPS9PFmCKcetRQm.2qb6', '2025-02-16 04:32:19', 'blj3Gv', '2025-02-16 04:42:19', 0, 'user', NULL, NULL, NULL),
(58, 'L4nszxc_09', 'Lans Lorence', 'Navarro', 'Hernandez', 'male', 'single', '09127649805', 'Ibaba West, Calapan City, Oriental Mindoro', '2004-07-09', 'lanslorence@gmail.com', '$2a$10$MjI9S0VmB59RMMUn7sYWFO4jRJpzrucfn8MbolXR8FPru9iSI50gG', '2025-02-16 06:14:39', NULL, NULL, 1, 'user', NULL, NULL, 'https://i.ibb.co/WvLskzHp/c25c8f6e3a6d.jpg'),
(60, 'saddsaddasdsa', 'sda', 'fdgd', 'fdgf', 'male', 'married', '3232432', 'dsadsa', '2025-02-26', 'sa@gmail.com', '$2a$10$rtbD7y7bDxqiyrlvtmoYROheqdfqRbI2RSIFQX/DKkj.lly8B474.', '2025-02-25 18:02:55', NULL, NULL, 1, 'staff', NULL, NULL, NULL),
(1000, 'l4nstest optinal', 'lans', NULL, 'hernandez', NULL, NULL, '09127649805', 'Ibaba West, Calapan City, Oriental Mindoro', NULL, 'l4nsh3rn4nd3z@gmail.com', '$2a$10$.mxwVsDEB/kVnXpjw3.ieu6cc5uRXSoBu6.m5iHbz3IgvfLqH7wum', '2025-06-13 18:19:20', NULL, NULL, 1, 'user', NULL, NULL, 'https://i.ibb.co/Q3C1GMbx/4400f3bc6e47.webp'),
(1001, 'testuser', 'Test', NULL, 'User', 'male', 'single', '09123456789', '123 Test Street, Test City', '1990-01-01', 'testuser@example.com', '$2a$10$.2KN/qBEu50fLEkPgLSugOGMFLcFGv1EaJaehYPtLIqEeRy2SxDLG', '2025-07-03 22:18:27', 'cJglGn', '2025-07-03 22:28:27', 0, 'user', NULL, NULL, NULL);

-- --------------------------------------------------------

--
-- Table structure for table `user_loyalty_status`
--

CREATE TABLE `user_loyalty_status` (
  `id` int NOT NULL,
  `user_id` int NOT NULL,
  `loyalty_tier_id` int DEFAULT NULL,
  `current_month_spend` decimal(10,2) DEFAULT '0.00',
  `last_month_spend` decimal(10,2) DEFAULT '0.00',
  `two_months_ago_spend` decimal(10,2) DEFAULT '0.00',
  `tier_start_date` date DEFAULT NULL,
  `tier_end_date` date DEFAULT NULL,
  `last_updated` timestamp NULL DEFAULT CURRENT_TIMESTAMP ON UPDATE CURRENT_TIMESTAMP
) ENGINE=InnoDB DEFAULT CHARSET=utf8mb4 COLLATE=utf8mb4_0900_ai_ci;

--
-- Dumping data for table `user_loyalty_status`
--

INSERT INTO `user_loyalty_status` (`id`, `user_id`, `loyalty_tier_id`, `current_month_spend`, `last_month_spend`, `two_months_ago_spend`, `tier_start_date`, `tier_end_date`, `last_updated`) VALUES
(4, 58, 3, 53100.00, 0.00, 0.00, '2025-07-04', '2025-10-03', '2025-08-05 14:10:21'),
(5, 1000, NULL, 141.00, 0.00, 0.00, NULL, NULL, '2025-07-03 17:42:12');

-- --------------------------------------------------------

--
-- Table structure for table `user_rewards`
--

CREATE TABLE `user_rewards` (
  `id` int NOT NULL,
  `user_id` int NOT NULL,
  `order_id` char(7) DEFAULT NULL,
  `points` int NOT NULL,
  `description` varchar(255) NOT NULL,
  `created_at` timestamp NULL DEFAULT CURRENT_TIMESTAMP
) ENGINE=InnoDB DEFAULT CHARSET=utf8mb4 COLLATE=utf8mb4_0900_ai_ci;

--
-- Dumping data for table `user_rewards`
--

INSERT INTO `user_rewards` (`id`, `user_id`, `order_id`, `points`, `description`, `created_at`) VALUES
(426, 58, '7214359', 32, 'Earned points from order #7214359 (₱3245.00)', '2025-07-03 16:21:31'),
(427, 58, '0808688', 1, 'Earned points from order #0808688 (₱141.00)', '2025-07-03 16:25:32'),
(428, 58, '5369343', 7, 'Earned points from order #5369343 (₱705.00)', '2025-07-03 16:30:59'),
(429, 58, '0841191', 6, 'Earned points from order #0841191 (₱649.00)', '2025-07-03 16:31:32'),
(430, 58, '2056774', 2, 'Earned points from order #2056774 (₱200.00)', '2025-07-03 16:38:42'),
(431, 58, '1248147', 1, 'Earned points from order #1248147 (₱141.00)', '2025-07-03 16:39:11'),
(432, 58, '0200807', 6, 'Earned points from order #0200807 (₱649.00)', '2025-07-03 16:39:55'),
(433, 58, '2015882', 1, 'Earned points from order #2015882 (₱141.00)', '2025-07-03 16:45:51'),
(434, 58, '9569324', 32, 'Earned points from order #9569324 (₱3245.00)', '2025-07-03 16:47:19'),
(435, 58, '9417679', 2, 'Earned points from order #9417679 (₱234.00)', '2025-07-03 17:26:38'),
(436, 58, '8560895', 1, 'Earned points from order #8560895 (₱141.00)', '2025-07-03 17:34:34'),
(437, 58, '8645745', 2, 'Earned points from order #8645745 (₱234.00)', '2025-07-03 17:35:11'),
(438, 58, '1653080', 1, 'Earned points from order #1653080 (₱102.50)', '2025-07-03 17:40:08'),
(439, 1000, '3409484', 1, 'Earned points from order #3409484 (₱141.00)', '2025-07-03 17:42:12'),
(440, 58, '5880621', 1, 'Earned points from order #5880621 (₱189.00)', '2025-07-03 20:15:49'),
(441, 58, '1639093', 1, 'Earned points from order #1639093 (₱141.00)', '2025-07-03 20:17:16'),
(442, 58, '9959215', 1, 'Earned points from order #9959215 (₱141.00)', '2025-07-03 20:20:00'),
(443, 58, '9687106', 1, 'Earned points from order #9687106 (₱141.00)', '2025-07-03 20:25:08'),
(444, 58, '4822162', 1, 'Earned points from order #4822162 (₱141.00)', '2025-07-03 20:38:22'),
(445, 58, '5986653', 12, 'Earned points from order #5986653 (₱1298.00)', '2025-07-03 20:39:41'),
(446, 58, '1307516', 6, 'Earned points from order #1307516 (₱649.00)', '2025-07-03 20:45:21'),
(447, 58, '2441414', 2, 'Earned points from order #2441414 (₱234.00)', '2025-07-03 20:47:04'),
(448, 58, '2983071', 6, 'Earned points from order #2983071 (₱649.00)', '2025-07-03 20:49:20'),
(449, 58, '3580428', 6, 'Earned points from order #3580428 (₱649.00)', '2025-07-03 20:54:55'),
(450, 58, '6706706', 6, 'Earned points from order #6706706 (₱649.00)', '2025-07-03 20:55:29'),
(451, 58, '8283303', 6, 'Earned points from order #8283303 (₱649.00)', '2025-07-03 21:00:26'),
(452, 58, '5702315', 6, 'Earned points from order #5702315 (₱649.00)', '2025-07-03 21:53:27'),
(453, 58, '4175951', 1, 'Earned points from order #4175951 (₱141.00)', '2025-07-03 21:56:04'),
(454, 58, '3235120', 6, 'Earned points from order #3235120 (₱649.00)', '2025-07-03 21:59:54'),
(455, 58, '5290085', 2, 'Earned points from order #5290085 (₱234.00)', '2025-07-03 22:01:17'),
(456, 58, '0679266', 1, 'Earned points from order #0679266 (₱141.00)', '2025-07-03 22:02:55'),
(457, 58, '7517578', 1, 'Earned points from order #7517578 (₱189.00)', '2025-07-03 22:20:21'),
(458, 58, '7454159', 6, 'Earned points from order #7454159 (₱649.00)', '2025-07-03 22:44:33'),
(459, 58, '6901682', 2, 'Earned points from order #6901682 (₱234.00)', '2025-07-03 22:52:24'),
(460, 58, '0983647', 6, 'Earned points from order #0983647 (₱649.00)', '2025-07-03 22:53:02'),
(461, 58, '5844440', 6, 'Earned points from order #5844440 (₱649.00)', '2025-07-03 23:08:21'),
(462, 58, '4913745', 6, 'Earned points from order #4913745 (₱649.00)', '2025-07-03 23:11:33'),
(463, 58, '3900233', 6, 'Earned points from order #3900233 (₱649.00)', '2025-07-03 23:12:00'),
(464, 58, '6661982', 6, 'Earned points from order #6661982 (₱649.00)', '2025-07-03 23:37:10'),
(465, 58, '0703756', 6, 'Earned points from order #0703756 (₱649.00)', '2025-07-04 00:18:46'),
(466, 58, '4878295', 6, 'Earned points from order #4878295 (₱649.00)', '2025-07-04 00:23:08'),
(467, 58, '0764384', 2, 'Earned points from order #0764384 (₱282.00)', '2025-07-04 01:42:44'),
(468, 58, '4377608', 1, 'Earned points from order #4377608 (₱141.00)', '2025-07-04 01:44:25'),
(469, 58, '7544602', 6, 'Earned points from order #7544602 (₱649.00)', '2025-07-04 02:17:29'),
(470, 58, '5655076', 6, 'Earned points from order #5655076 (₱649.00)', '2025-07-04 02:17:56'),
(471, 58, '0851586', 6, 'Earned points from order #0851586 (₱649.00)', '2025-07-04 02:18:18'),
(472, 58, '5213687', 12, 'Earned points from order #5213687 (₱1298.00)', '2025-07-04 02:27:53'),
(473, 58, '5213687', 1, 'Gold loyalty bonus (+15.00%)', '2025-07-04 02:27:53'),
(474, 58, '2980171', 6, 'Earned points from order #2980171 (₱649.00)', '2025-07-04 02:29:22'),
(475, 58, '0413691', 32, 'Earned points from order #0413691 (₱3245.00)', '2025-07-04 02:32:57'),
(476, 58, '0413691', 4, 'Gold loyalty bonus (+15.00%)', '2025-07-04 02:32:57'),
(477, 58, '5808256', 25, 'Earned points from order #5808256 (₱2596.00)', '2025-07-04 02:33:08'),
(478, 58, '5808256', 3, 'Gold loyalty bonus (+15.00%)', '2025-07-04 02:33:08'),
(479, 58, '1088638', 6, 'Earned points from order #1088638 (₱649.00)', '2025-07-04 02:42:09'),
(480, 58, '9792151', 6, 'Earned points from order #9792151 (₱649.00)', '2025-07-04 02:55:29'),
(481, 58, '5894232', 9, 'Earned points from order #5894232 (₱945.00)', '2025-07-04 03:27:15'),
(482, 58, '5894232', 1, 'Gold loyalty bonus (+15.00%)', '2025-07-04 03:27:15'),
(483, 58, '6780108', 1, 'Earned points from order #6780108 (₱189.00)', '2025-07-04 03:28:23'),
(484, 58, '1893878', 13, 'Earned points from order #1893878 (₱1376.00)', '2025-07-04 06:08:43'),
(485, 58, '1893878', 1, 'Gold loyalty bonus (+15.00%)', '2025-07-04 06:08:43'),
(486, 58, '9484826', 1, 'Earned points from order #9484826 (₱189.00)', '2025-07-04 06:09:54'),
(487, 58, '9333996', 29, 'Earned points from order #9333996 (₱2936.00)', '2025-07-04 06:11:56'),
(488, 58, '9333996', 4, 'Gold loyalty bonus (+15.00%)', '2025-07-04 06:11:56'),
(489, 58, '6066228', 10, 'Earned points from order #6066228 (₱1049.75)', '2025-07-04 06:13:37'),
(490, 58, '6066228', 1, 'Gold loyalty bonus (+15.00%)', '2025-07-04 06:13:37'),
(491, 58, '0188748', 21, 'Earned points from order #0188748 (₱2136.00)', '2025-07-04 06:14:34'),
(492, 58, '0188748', 3, 'Gold loyalty bonus (+15.00%)', '2025-07-04 06:14:34'),
(493, 58, '5110833', 6, 'Earned points from order #5110833 (₱649.00)', '2025-07-04 06:18:37'),
(494, 58, '4730937', 9, 'Earned points from order #4730937 (₱967.75)', '2025-07-04 06:19:17'),
(495, 58, '4730937', 1, 'Gold loyalty bonus (+15.00%)', '2025-07-04 06:19:17'),
(496, 58, '8078269', 17, 'Earned points from order #8078269 (₱1723.00)', '2025-07-04 06:22:08'),
(497, 58, '8078269', 2, 'Gold loyalty bonus (+15.00%)', '2025-07-04 06:22:08'),
(498, 58, '5269886', 18, 'Earned points from order #5269886 (₱1863.00)', '2025-08-05 12:16:55'),
(499, 58, '5269886', 2, 'Gold loyalty bonus (+15.00%)', '2025-08-05 12:16:55'),
(500, 58, '7044195', 1, 'Earned points from order #7044195 (₱140.00)', '2025-08-05 12:32:33'),
(501, 58, '8082829', 6, 'Earned points from order #8082829 (₱649.00)', '2025-08-05 12:34:44'),
(502, 58, '6843187', 3, 'Earned points from order #6843187 (₱301.00)', '2025-08-05 12:37:40'),
(503, 58, '8832478', 12, 'Earned points from order #8832478 (₱1204.00)', '2025-08-05 12:43:49'),
(504, 58, '8832478', 1, 'Gold loyalty bonus (+15.00%)', '2025-08-05 12:43:49'),
(505, 58, '0997085', 1, 'Earned points from order #0997085 (₱185.00)', '2025-08-05 13:14:00'),
(506, 58, '9390775', 5, 'Earned points from order #9390775 (₱567.00)', '2025-08-05 13:20:14'),
(507, 58, '9087688', 6, 'Earned points from order #9087688 (₱649.00)', '2025-08-05 14:05:57'),
(508, 58, '1590932', 1, 'Earned points from order #1590932 (₱189.00)', '2025-08-05 14:08:18'),
(509, 58, '6451638', 3, 'Earned points from order #6451638 (₱301.00)', '2025-08-05 14:09:50'),
(510, 58, '6246765', 6, 'Earned points from order #6246765 (₱649.00)', '2025-08-05 14:10:21');

--
-- Indexes for dumped tables
--

--
-- Indexes for table `available_discounts`
--
ALTER TABLE `available_discounts`
  ADD PRIMARY KEY (`id`),
  ADD KEY `user_id` (`user_id`),
  ADD KEY `order_id` (`order_id`);

--
-- Indexes for table `cart`
--
ALTER TABLE `cart`
  ADD PRIMARY KEY (`id`),
  ADD KEY `user_id` (`user_id`),
  ADD KEY `product_id` (`product_id`),
  ADD KEY `choice_id` (`choice_id`);

--
-- Indexes for table `loyalty_tiers`
--
ALTER TABLE `loyalty_tiers`
  ADD PRIMARY KEY (`id`);

--
-- Indexes for table `orders`
--
ALTER TABLE `orders`
  ADD PRIMARY KEY (`order_id`),
  ADD KEY `user_id` (`user_id`),
  ADD KEY `accepted_by` (`accepted_by`);

--
-- Indexes for table `order_items`
--
ALTER TABLE `order_items`
  ADD PRIMARY KEY (`id`),
  ADD KEY `order_id` (`order_id`),
  ADD KEY `product_id` (`product_id`);

--
-- Indexes for table `order_reports`
--
ALTER TABLE `order_reports`
  ADD PRIMARY KEY (`id`),
  ADD KEY `order_id` (`order_id`),
  ADD KEY `user_id` (`user_id`);

--
-- Indexes for table `order_reviews`
--
ALTER TABLE `order_reviews`
  ADD PRIMARY KEY (`id`),
  ADD UNIQUE KEY `unique_order_review` (`order_id`),
  ADD KEY `user_id` (`user_id`);

--
-- Indexes for table `payment_intents`
--
ALTER TABLE `payment_intents`
  ADD PRIMARY KEY (`id`),
  ADD KEY `order_id` (`order_id`),
  ADD KEY `idx_payment_link_id` (`payment_link_id`),
  ADD KEY `idx_reference_number` (`reference_number`),
  ADD KEY `idx_paymongo_link_id` (`paymongo_link_id`);

--
-- Indexes for table `products`
--
ALTER TABLE `products`
  ADD PRIMARY KEY (`products_id`);

--
-- Indexes for table `product_choices`
--
ALTER TABLE `product_choices`
  ADD PRIMARY KEY (`choice_id`),
  ADD KEY `product_id` (`product_id`);

--
-- Indexes for table `product_reports`
--
ALTER TABLE `product_reports`
  ADD PRIMARY KEY (`id`),
  ADD KEY `product_id` (`product_id`),
  ADD KEY `user_id` (`user_id`);

--
-- Indexes for table `receipt_settings`
--
ALTER TABLE `receipt_settings`
  ADD PRIMARY KEY (`id`);

--
-- Indexes for table `rewards_settings`
--
ALTER TABLE `rewards_settings`
  ADD PRIMARY KEY (`id`),
  ADD KEY `updated_by` (`updated_by`);

--
-- Indexes for table `reward_tiers`
--
ALTER TABLE `reward_tiers`
  ADD PRIMARY KEY (`id`);

--
-- Indexes for table `shared_carts`
--
ALTER TABLE `shared_carts`
  ADD PRIMARY KEY (`share_id`),
  ADD KEY `owner_id` (`owner_id`),
  ADD KEY `shared_with` (`shared_with`);

--
-- Indexes for table `users`
--
ALTER TABLE `users`
  ADD PRIMARY KEY (`id`),
  ADD UNIQUE KEY `email` (`email`);

--
-- Indexes for table `user_loyalty_status`
--
ALTER TABLE `user_loyalty_status`
  ADD PRIMARY KEY (`id`),
  ADD UNIQUE KEY `user_id` (`user_id`),
  ADD KEY `loyalty_tier_id` (`loyalty_tier_id`);

--
-- Indexes for table `user_rewards`
--
ALTER TABLE `user_rewards`
  ADD PRIMARY KEY (`id`),
  ADD KEY `user_id` (`user_id`);

--
-- AUTO_INCREMENT for dumped tables
--

--
-- AUTO_INCREMENT for table `available_discounts`
--
ALTER TABLE `available_discounts`
  MODIFY `id` int NOT NULL AUTO_INCREMENT, AUTO_INCREMENT=65;

--
-- AUTO_INCREMENT for table `cart`
--
ALTER TABLE `cart`
  MODIFY `id` int NOT NULL AUTO_INCREMENT, AUTO_INCREMENT=2491836;

--
-- AUTO_INCREMENT for table `loyalty_tiers`
--
ALTER TABLE `loyalty_tiers`
  MODIFY `id` int NOT NULL AUTO_INCREMENT, AUTO_INCREMENT=4;

--
-- AUTO_INCREMENT for table `order_items`
--
ALTER TABLE `order_items`
  MODIFY `id` int NOT NULL AUTO_INCREMENT, AUTO_INCREMENT=4185;

--
-- AUTO_INCREMENT for table `order_reports`
--
ALTER TABLE `order_reports`
  MODIFY `id` int NOT NULL AUTO_INCREMENT, AUTO_INCREMENT=2;

--
-- AUTO_INCREMENT for table `order_reviews`
--
ALTER TABLE `order_reviews`
  MODIFY `id` int NOT NULL AUTO_INCREMENT, AUTO_INCREMENT=13;

--
-- AUTO_INCREMENT for table `payment_intents`
--
ALTER TABLE `payment_intents`
  MODIFY `id` int NOT NULL AUTO_INCREMENT, AUTO_INCREMENT=17;

--
-- AUTO_INCREMENT for table `products`
--
ALTER TABLE `products`
  MODIFY `products_id` int NOT NULL AUTO_INCREMENT, AUTO_INCREMENT=173;

--
-- AUTO_INCREMENT for table `product_choices`
--
ALTER TABLE `product_choices`
  MODIFY `choice_id` int NOT NULL AUTO_INCREMENT, AUTO_INCREMENT=261;

--
-- AUTO_INCREMENT for table `product_reports`
--
ALTER TABLE `product_reports`
  MODIFY `id` int NOT NULL AUTO_INCREMENT, AUTO_INCREMENT=3;

--
-- AUTO_INCREMENT for table `receipt_settings`
--
ALTER TABLE `receipt_settings`
  MODIFY `id` int NOT NULL AUTO_INCREMENT, AUTO_INCREMENT=2;

--
-- AUTO_INCREMENT for table `rewards_settings`
--
ALTER TABLE `rewards_settings`
  MODIFY `id` int NOT NULL AUTO_INCREMENT, AUTO_INCREMENT=2;

--
-- AUTO_INCREMENT for table `reward_tiers`
--
ALTER TABLE `reward_tiers`
  MODIFY `id` int NOT NULL AUTO_INCREMENT, AUTO_INCREMENT=6;

--
-- AUTO_INCREMENT for table `users`
--
ALTER TABLE `users`
  MODIFY `id` int NOT NULL AUTO_INCREMENT, AUTO_INCREMENT=1002;

--
-- AUTO_INCREMENT for table `user_loyalty_status`
--
ALTER TABLE `user_loyalty_status`
  MODIFY `id` int NOT NULL AUTO_INCREMENT, AUTO_INCREMENT=6;

--
-- AUTO_INCREMENT for table `user_rewards`
--
ALTER TABLE `user_rewards`
  MODIFY `id` int NOT NULL AUTO_INCREMENT, AUTO_INCREMENT=511;

--
-- Constraints for dumped tables
--

--
-- Constraints for table `cart`
--
ALTER TABLE `cart`
  ADD CONSTRAINT `cart_ibfk_1` FOREIGN KEY (`user_id`) REFERENCES `users` (`id`),
  ADD CONSTRAINT `cart_ibfk_2` FOREIGN KEY (`product_id`) REFERENCES `products` (`products_id`),
  ADD CONSTRAINT `cart_ibfk_3` FOREIGN KEY (`choice_id`) REFERENCES `product_choices` (`choice_id`);

--
-- Constraints for table `payment_intents`
--
ALTER TABLE `payment_intents`
  ADD CONSTRAINT `payment_intents_ibfk_1` FOREIGN KEY (`order_id`) REFERENCES `orders` (`order_id`) ON DELETE CASCADE;
COMMIT;

/*!40101 SET CHARACTER_SET_CLIENT=@OLD_CHARACTER_SET_CLIENT */;
/*!40101 SET CHARACTER_SET_RESULTS=@OLD_CHARACTER_SET_RESULTS */;
/*!40101 SET COLLATION_CONNECTION=@OLD_COLLATION_CONNECTION */;
